<?xml version="1.0" encoding="UTF-8" ?>
<!-- Generated by Oracle SOA Modeler version 1.0 at [11/17/11 1:38 PM]. -->
<composite name="SimpleOpaqueDemo"
           revision="1.0"
           label="2011-11-17_13-38-15_463"
           mode="active"
           state="on"
           xmlns="http://xmlns.oracle.com/sca/1.0"
           xmlns:xs="http://www.w3.org/2001/XMLSchema"
           xmlns:wsp="http://schemas.xmlsoap.org/ws/2004/09/policy"
           xmlns:orawsp="http://schemas.oracle.com/ws/2006/01/policy"
           xmlns:ui="http://xmlns.oracle.com/soa/designer/">
  <import namespace="http://xmlns.oracle.com/pcbpel/adapter/file/AttachmentContentApp/SimpleOpaqueDemo/ReadBinaryData"
          location="ReadBinaryData.wsdl" importType="wsdl"/>
  <import namespace="http://xmlns.oracle.com/pcbpel/adapter/file/AttachmentContentApp/SimpleOpaqueDemo/WriteBinaryData"
          location="WriteBinaryData.wsdl" importType="wsdl"/>
  <service name="ReadBinaryData" ui:wsdlLocation="ReadBinaryData.wsdl">
    <interface.wsdl interface="http://xmlns.oracle.com/pcbpel/adapter/file/AttachmentContentApp/SimpleOpaqueDemo/ReadBinaryData#wsdl.interface(Read_ptt)"/>
    <binding.jca config="ReadBinaryData_file.jca"/>
  </service>
  <component name="SimpleOpaqueDemoProcess" version="1.1">
    <implementation.bpel src="SimpleOpaqueDemoProcess.bpel"/>
  </component>
  <reference name="WriteBinaryData" ui:wsdlLocation="WriteBinaryData.wsdl">
    <interface.wsdl interface="http://xmlns.oracle.com/pcbpel/adapter/file/AttachmentContentApp/SimpleOpaqueDemo/WriteBinaryData#wsdl.interface(Write_ptt)"/>
    <binding.jca config="WriteBinaryData_file.jca"/>
  </reference>
  <wire>
    <source.uri>ReadBinaryData</source.uri>
    <target.uri>SimpleOpaqueDemoProcess/ReadBinaryData</target.uri>
  </wire>
  <wire>
    <source.uri>SimpleOpaqueDemoProcess/WriteBinaryData</source.uri>
    <target.uri>WriteBinaryData</target.uri>
  </wire>
</composite>
