<?xml version="1.0" encoding="UTF-8" ?>
<JavaBean xmlns="http://xmlns.oracle.com/adfm/beanmodel" version="11.1.1.60.13"
          id="ExpenseIProManagerNotesType"
          Package="IProExpenseProcess_UI_IProManager_IProExpense_Manager_HT"
          BeanClass="IProExpenseProcess_UI_IProManager_IProExpense_Manager_HT.ExpenseIProManagerNotesType"
          isJavaBased="false">
  <Attribute Name="notes" Type="java.lang.String">
    <Properties>
      <CustomProperties>
        <Property Name="minOccurs" Value="1"/>
        <Property Name="maxOccurs" Value="1"/>
        <Property Name="LABEL" Value="Notes"/>
        <Property Name="LeafElement_hint" Value="LeafElement_no_attribute"/>
        <Property Name="nillable" Value="true"/>
        <Property Name="originalName" Value="notes"/>
        <Property Name="targetNamespace"
                  Value="http://xmlns.oracle.com/bpm/bpmobject/IProExpenses/ExpenseIProManagerNotes"/>
        <Property Name="type" Value="java.lang.String"/>
      </CustomProperties>
    </Properties>
  </Attribute>
</JavaBean>
