<?xml version="1.0" encoding="UTF-8" ?>
<JavaBean xmlns="http://xmlns.oracle.com/adfm/beanmodel" version="11.1.1.60.13"
          id="getTaskDetails"
          Package="IProExpenseProcess_UI_IProManager_IProExpense_Manager_HT"
          BeanClass="IProExpenseProcess_UI_IProManager_IProExpense_Manager_HT.getTaskDetails"
          isJavaBased="false">
  <AccessorAttribute id="task" IsCollection="true"
                     BeanClass="IProExpenseProcess_UI_IProManager_IProExpense_Manager_HT.task"
                     CollectionBeanClass="IProExpenseProcess_UI_IProManager_IProExpense_Manager_HT.getTaskDetails_Operations">
    <Properties>
      <Property Name="minOccurs" Value="1"/>
      <Property Name="maxOccurs" Value="1"/>
      <Property Name="LABEL" Value="Task"/>
      <Property Name="nillable" Value="false"/>
      <Property Name="originalName" Value="task"/>
      <Property Name="targetNamespace"
                Value="http://xmlns.oracle.com/bpel/workflow/task"/>
    </Properties>
  </AccessorAttribute>
</JavaBean>
