<?xml version="1.0" encoding="US-ASCII" ?>
<pageTemplateDefs xmlns="http://xmlns.oracle.com/adf/faces/rich/pagetemplate">
  <pagetemplate-jsp-ui-def>/oracle/webcenter/portalapp/pagetemplates/pageTemplate_corporate_two_column.jspx</pagetemplate-jsp-ui-def>
  <pagetemplate-jsp-ui-def>/oracle/webcenter/portalapp/pagetemplates/pageTemplate_corporate_three_column.jspx</pagetemplate-jsp-ui-def>
  <pagetemplate-jsp-ui-def>/oracle/webcenter/portalapp/pagetemplates/pageTemplate_entity_generic.jspx</pagetemplate-jsp-ui-def>
  <pagetemplate-jsp-ui-def>/oracle/webcenter/portalapp/pagetemplates/pageTemplate_globe.jspx</pagetemplate-jsp-ui-def>
  <pagetemplate-jsp-ui-def>/oracle/webcenter/portalapp/pagetemplates/pageTemplate_swooshy.jspx</pagetemplate-jsp-ui-def>
</pageTemplateDefs>
