<?xml version="1.0" encoding="UTF-8" ?>
<!-- Generated by Oracle SOA Modeler version 1.0 at [12/2/09 4:18 PM]. -->
<composite name="bpel-105-Headers"
           revision="1.0"
           label="2009-12-02_16-18-01_000"
           mode="active"
           state="on"
           xmlns="http://xmlns.oracle.com/sca/1.0"
           xmlns:xs="http://www.w3.org/2001/XMLSchema"
           xmlns:wsp="http://schemas.xmlsoap.org/ws/2004/09/policy"
           xmlns:orawsp="http://schemas.oracle.com/ws/2006/01/policy"
           xmlns:ui="http://xmlns.oracle.com/soa/designer/">
  <import namespace="http://example.com/bpel_105_Headers/MasterHeaderProcess"
          location="MasterHeaderProcess.wsdl" importType="wsdl"/>
  <import namespace="http://example.com/bpel_105_Headers/DetailHeaderReceivingProcess"
          location="DetailHeaderReceivingProcess.wsdl" importType="wsdl"/>
  <service name="masterheaderprocess_client_ep"
           ui:wsdlLocation="MasterHeaderProcess.wsdl">
    <interface.wsdl interface="http://example.com/bpel_105_Headers/MasterHeaderProcess#wsdl.interface(MasterHeaderProcess)"/>
    <binding.ws port="http://example.com/bpel_105_Headers/MasterHeaderProcess#wsdl.endpoint(masterheaderprocess_client_ep/MasterHeaderProcess_pt)"/>
  </service>
  <component name="MasterHeaderProcess">
    <implementation.bpel src="MasterHeaderProcess.bpel"/>
  </component>
  <component name="DetailHeaderReceivingProcess">
    <implementation.bpel src="DetailHeaderReceivingProcess.bpel"/>
  </component>
  <wire>
    <source.uri>masterheaderprocess_client_ep</source.uri>
    <target.uri>MasterHeaderProcess/masterheaderprocess_client</target.uri>
  </wire>
  <wire>
    <source.uri>MasterHeaderProcess/DetailHeaderReceivingProcess.detailheaderreceivingprocess_client</source.uri>
    <target.uri>DetailHeaderReceivingProcess/detailheaderreceivingprocess_client</target.uri>
  </wire>
</composite>
