<?xml version="1.0" encoding="ISO-8859-1" ?>
<adfc-config xmlns="http://xmlns.oracle.com/adf/controller" version="1.2">
  <task-flow-definition id="NotifyManagerOfCustomerExecutives_TaskFlow">
    <default-activity id="__110">taskDetails1_jspx</default-activity>
    <data-control-scope id="__194">
      <isolated/>
    </data-control-scope>
    <input-parameter-definition id="__1">
      <name id="__3">bpmWorklistContext</name>
      <value id="__4">#{pageFlowScope.bpmWorklistContext}</value>
      <class id="__2"></class>
    </input-parameter-definition>
    <input-parameter-definition id="__8">
      <name id="__5">bpmWorklistTaskId</name>
      <value id="__7">#{pageFlowScope.bpmWorklistTaskId}</value>
      <class id="__6"></class>
    </input-parameter-definition>
    <input-parameter-definition id="__12">
      <name id="__10">bpmWorklistTaskVersion</name>
      <value id="__9">#{pageFlowScope.bpmWorklistTaskVersion}</value>
      <class id="__11"></class>
    </input-parameter-definition>
    <input-parameter-definition id="__16">
      <name id="__14">bpmWorklistHttpURL</name>
      <value id="__15">#{pageFlowScope.bpmWorklistHttpURL}</value>
      <class id="__13"></class>
    </input-parameter-definition>
    <input-parameter-definition id="__17">
      <name id="__20">parentURL</name>
      <value id="__18">#{pageFlowScope.parentURL}</value>
      <class id="__19"></class>
    </input-parameter-definition>
    <input-parameter-definition id="__24">
      <name id="__21">bpmWorklistHome</name>
      <value id="__22">#{pageFlowScope.bpmWorklistHome}</value>
      <class id="__23"></class>
    </input-parameter-definition>
    <input-parameter-definition id="__25">
      <name id="__26">bpmWorklistLogin</name>
      <value id="__28">#{pageFlowScope.bpmWorklistLogin}</value>
      <class id="__27"></class>
    </input-parameter-definition>
    <input-parameter-definition id="__29">
      <name id="__31">bpmWorklistLogout</name>
      <value id="__30">#{pageFlowScope.bpmWorklistLogout}</value>
      <class id="__32"></class>
    </input-parameter-definition>
    <input-parameter-definition id="__36">
      <name id="__33">bpmWorklistReassign</name>
      <value id="__35">#{pageFlowScope.bpmWorklistReassign}</value>
      <class id="__34"></class>
    </input-parameter-definition>
    <input-parameter-definition id="__37">
      <name id="__40">bpmWorklistHistory</name>
      <value id="__38">#{pageFlowScope.bpmWorklistHistory}</value>
      <class id="__39"></class>
    </input-parameter-definition>
    <input-parameter-definition id="__43">
      <name id="__44">bpmWorklistRequestInfo</name>
      <value id="__42">#{pageFlowScope.bpmWorklistRequestInfo}</value>
      <class id="__41"></class>
    </input-parameter-definition>
    <input-parameter-definition id="__46">
      <name id="__45">bpmWorklistRoute</name>
      <value id="__48">#{pageFlowScope.bpmWorklistRoute}</value>
      <class id="__47"></class>
    </input-parameter-definition>
    <input-parameter-definition id="__52">
      <name id="__49">bpmClientType</name>
      <value id="__50">#{pageFlowScope.bpmClientType}</value>
      <class id="__51"></class>
    </input-parameter-definition>
    <input-parameter-definition id="__55">
      <name id="__56">bpmBrowserWindowStatus</name>
      <value id="__53">#{pageFlowScope.bpmBrowserWindowStatus}</value>
      <class id="__54"></class>
    </input-parameter-definition>
    <input-parameter-definition id="__60">
      <name id="__59">bpmWorklistBackPage</name>
      <value id="__57">#{pageFlowScope.bpmWorklistBackPage}</value>
      <class id="__58"></class>
    </input-parameter-definition>
    <input-parameter-definition id="__63">
      <name id="__62">bpmWorklistSecurity</name>
      <value id="__61">#{pageFlowScope.bpmWorklistSecurity}</value>
      <class id="__64"></class>
    </input-parameter-definition>
    <input-parameter-definition id="__65">
      <name id="__68">bpmWorklistGraphHistory</name>
      <value id="__66">#{pageFlowScope.bpmWorklistGraphSecurity}</value>
      <class id="__67"></class>
    </input-parameter-definition>
    <input-parameter-definition id="__70">
      <name id="__69">lg</name>
      <value id="__72">#{pageFlowScope.lg}</value>
      <class id="__71"></class>
    </input-parameter-definition>
    <input-parameter-definition id="__75">
      <name id="__74">cy</name>
      <value id="__76">#{pageFlowScope.cy}</value>
      <class id="__73"></class>
    </input-parameter-definition>
    <input-parameter-definition id="__79">
      <name id="__80">vr</name>
      <value id="__77">#{pageFlowScope.vr}</value>
      <class id="__78"></class>
    </input-parameter-definition>
    <input-parameter-definition id="__82">
      <name id="__81">tz</name>
      <value id="__83">#{pageFlowScope.tz}</value>
      <class id="__84"></class>
    </input-parameter-definition>
    <input-parameter-definition id="__86">
      <name id="__88">df</name>
      <value id="__85">#{pageFlowScope.df}</value>
      <class id="__87"></class>
    </input-parameter-definition>
    <input-parameter-definition id="__89">
      <name id="__92">tf</name>
      <value id="__90">#{pageFlowScope.tf}</value>
      <class id="__91"></class>
    </input-parameter-definition>
    <input-parameter-definition id="__94">
      <name id="__93">dt</name>
      <value id="__96">#{pageFlowScope.dt}</value>
      <class id="__95"></class>
    </input-parameter-definition>
    <input-parameter-definition id="__98">
      <name id="__97">dateTimePattern</name>
      <value id="__100">#{pageFlowScope.dateTimePattern}</value>
      <class id="__99"></class>
    </input-parameter-definition>
    <input-parameter-definition id="__104">
      <name id="__102">datePattern</name>
      <value id="__101">#{pageFlowScope.datePattern}</value>
      <class id="__103"></class>
    </input-parameter-definition>
    <input-parameter-definition id="__107">
      <name id="__108">timePattern</name>
      <value id="__106">#{pageFlowScope.timePattern}</value>
      <class id="__105"></class>
    </input-parameter-definition>
    <managed-bean id="__121">
      <managed-bean-name id="__122">redirectBean</managed-bean-name>
      <managed-bean-class id="__120">oracle.bpel.services.workflow.worklist.adf.PageRedirectBean</managed-bean-class>
      <managed-bean-scope id="__119">pageFlow</managed-bean-scope>
    </managed-bean>
    <managed-bean id="__123">
      <managed-bean-name id="__126">addCommentBean</managed-bean-name>
      <managed-bean-class id="__124">oracle.bpel.services.workflow.worklist.adf.AddCommentBean</managed-bean-class>
      <managed-bean-scope id="__125">request</managed-bean-scope>
      <managed-property id="__129">
        <property-name id="__128">bindings</property-name>
        <value id="__127">#{bindings}</value>
      </managed-property>
    </managed-bean>
    <managed-bean id="__131">
      <managed-bean-name id="__132">taskDocumentationBean</managed-bean-name>
      <managed-bean-class id="__130">oracle.bpel.services.workflow.worklist.adf.TaskDocumentationBean</managed-bean-class>
      <managed-bean-scope id="__133">pageFlow</managed-bean-scope>
    </managed-bean>
    <managed-bean id="__136">
      <managed-bean-name id="__134">addAttachmentBean</managed-bean-name>
      <managed-bean-class id="__137">oracle.bpel.services.workflow.worklist.adf.AddAttachmentBean</managed-bean-class>
      <managed-bean-scope id="__135">request</managed-bean-scope>
      <managed-property id="__139">
        <property-name id="__138">bindings</property-name>
        <value id="__140">#{bindings}</value>
      </managed-property>
    </managed-bean>
    <managed-bean id="__142">
      <managed-bean-name id="__144">readAttachmentBean</managed-bean-name>
      <managed-bean-class id="__143">oracle.bpel.services.workflow.worklist.adf.ReadAttachmentBean</managed-bean-class>
      <managed-bean-scope id="__141">pageFlow</managed-bean-scope>
    </managed-bean>
    <managed-bean id="__145">
      <managed-bean-name id="__147">addDocumentBean</managed-bean-name>
      <managed-bean-class id="__146">oracle.bpel.services.workflow.worklist.adf.AddDocumentBean</managed-bean-class>
      <managed-bean-scope id="__148">request</managed-bean-scope>
      <managed-property id="__150">
        <property-name id="__151">bindings</property-name>
        <value id="__149">#{bindings}</value>
      </managed-property>
    </managed-bean>
    <managed-bean id="__152">
      <managed-bean-name id="__153">readDocumentBean</managed-bean-name>
      <managed-bean-class id="__154">oracle.bpel.services.workflow.worklist.adf.ReadDocumentBean</managed-bean-class>
      <managed-bean-scope id="__155">pageFlow</managed-bean-scope>
    </managed-bean>
    <managed-bean id="__158">
      <managed-bean-name id="__157">popupBean</managed-bean-name>
      <managed-bean-class id="__159">oracle.bpel.services.workflow.worklist.adf.ADFPopupBean</managed-bean-class>
      <managed-bean-scope id="__156">request</managed-bean-scope>
    </managed-bean>
    <managed-bean id="__160">
      <managed-bean-name id="__163">actionAvailable</managed-bean-name>
      <managed-bean-class id="__161">oracle.bpel.services.workflow.worklist.adf.ActionEnablerBean</managed-bean-class>
      <managed-bean-scope id="__162">request</managed-bean-scope>
      <managed-property id="__166">
        <property-name id="__164">bindings</property-name>
        <value id="__165">#{bindings}</value>
      </managed-property>
    </managed-bean>
    <managed-bean id="__170">
      <managed-bean-name id="__167">invokeActionBean</managed-bean-name>
      <managed-bean-class id="__169">oracle.bpel.services.workflow.worklist.adf.InvokeActionBean</managed-bean-class>
      <managed-bean-scope id="__168">request</managed-bean-scope>
      <managed-property id="__172">
        <property-name id="__171">isReturnActivity</property-name>
        <value id="__173">true</value>
      </managed-property>
    </managed-bean>
    <managed-bean id="__177">
      <managed-bean-name id="__174">aleComponentBean</managed-bean-name>
      <managed-bean-class id="__175">oracle.bpel.services.workflow.worklist.adf.ALEComponentBean</managed-bean-class>
      <managed-bean-scope id="__176">pageFlow</managed-bean-scope>
    </managed-bean>
    <managed-bean id="__181">
      <managed-bean-name id="__178">taskFlowReassignBean</managed-bean-name>
      <managed-bean-class id="__180">oracle.bpel.services.workflow.worklist.adf.TaskFlowReassignBean</managed-bean-class>
      <managed-bean-scope id="__179">pageFlow</managed-bean-scope>
    </managed-bean>
    <managed-bean id="__184">
      <managed-bean-name id="__185">identityBrowserView</managed-bean-name>
      <managed-bean-class id="__182">oracle.bpel.worklistapp.dc.idbrowser.beans.view.IdentityBrowserView</managed-bean-class>
      <managed-bean-scope id="__183">pageFlow</managed-bean-scope>
    </managed-bean>
    <managed-bean id="__189">
      <managed-bean-name id="__187">userPreferencesBean</managed-bean-name>
      <managed-bean-class id="__186">oracle.bpel.worklistapp.userprefs.UserPreferencesBean</managed-bean-class>
      <managed-bean-scope id="__188">pageFlow</managed-bean-scope>
      <managed-property id="__192">
        <property-name id="__190">userPrefs</property-name>
        <value id="__191">#{pageFlowScope.taskFlowReassignBean.userPrefs}</value>
      </managed-property>
    </managed-bean>
    <finalizer id="__111">#{invokeActionBean.invokeScript}</finalizer>
    <view id="taskDetails1_jspx">
      <page id="__109">/taskDetails1.jspx</page>
    </view>
    <task-flow-return id="taskReturn">
      <outcome id="__112">
        <name id="__113">done</name>
      </outcome>
    </task-flow-return>
    <control-flow-rule id="__114">
      <from-activity-id id="__116">*</from-activity-id>
      <control-flow-case id="__115">
        <from-outcome id="__117">closeTaskFlow</from-outcome>
        <to-activity-id id="__118">taskReturn</to-activity-id>
      </control-flow-case>
    </control-flow-rule>
    <visibility id="__193">
      <url-invoke-allowed/>
    </visibility>
  </task-flow-definition>
</adfc-config>
