<?xml version="1.0" encoding="UTF-8" ?>
<pageDefinition xmlns="http://xmlns.oracle.com/adfm/uimodel"
                version="11.1.1.60.13" id="homePageDef"
                Package="oracle.webcenter.portalapp.pages.corporate">
  <parameters>
    <parameter id="page_parent"
               value="/oracle/webcenter/portalapp/pagehierarchy/pages.xml"/>
    <parameter id="page_info"
               value="title=Corporate Home;desc=;keywords=;createdBy=weblogic;createDate=2012-11-13T13:44:29;lastUpdatedBy=weblogic;lastUpdateDate=2012-11-13T13:44:57;permissionClass=oracle.webcenter.security.auth.HierarchicalResourcePermission;target=serviceID=oracle.webcenter.page,scopeID=s8bba98ff_4cbb_40b8_beee_296c916a23ed,resourceID=/oracle/webcenter/portalapp/pages/corporate/home.jspx;excluded=false;style="/>
    <parameter id="page_title" value="Corporate Home"/>
  </parameters>
  <executables>
    <variableIterator id="variables"/>
    <page path="oracle.webcenter.portalapp.pagetemplates.pageTemplate_corporate_three_columnPageDef"
          id="pageTemplateBinding" Refresh="ifNeeded"/>
    <taskFlow id="iprosbystatetaskflowdefinition1"
              taskFlowId="/WEB-INF/au/com/entitysolutions/taskflows/corporate/corp_landing/ipros-by-state-task-flow-definition.xml#ipros-by-state-task-flow-definition"
              activation="deferred"
              xmlns="http://xmlns.oracle.com/adf/controller/binding">
      <parameters>
        <parameter id="orgId" value="#{sessionScope.userSessionBean.orgId}"/>
      </parameters>
    </taskFlow>
    <taskFlow id="monthlybillingtaskflowdefinition1"
              taskFlowId="/WEB-INF/au/com/entitysolutions/taskflows/corporate/corp_landing/monthly-billing-task-flow-definition.xml#monthly-billing-task-flow-definition"
              activation="deferred"
              xmlns="http://xmlns.oracle.com/adf/controller/binding">
      <parameters>
        <parameter id="orgId" value="#{sessionScope.userSessionBean.orgId}"/>
      </parameters>
    </taskFlow>
    <taskFlow id="extensionstaskflowdefinition1"
              taskFlowId="/WEB-INF/au/com/entitysolutions/taskflows/corporate/corp_landing/extensions-task-flow-definition.xml#extensions-task-flow-definition"
              activation="deferred"
              xmlns="http://xmlns.oracle.com/adf/controller/binding">
      <parameters>
        <parameter id="orgId" value="#{sessionScope.userSessionBean.orgId}"/>
      </parameters>
    </taskFlow>
    <taskFlow id="pageeditorpanel"
              taskFlowId="#{pageEditorBean.pageEditorPanel}"
              xmlns="http://xmlns.oracle.com/adf/controller/binding"/>
  </executables>
  <bindings/>
  <permission permissionClass="oracle.webcenter.security.auth.HierarchicalResourcePermission"
              target="serviceID=oracle.webcenter.page,scopeID=s8bba98ff_4cbb_40b8_beee_296c916a23ed,resourceID=/oracle/webcenter/portalapp/pages/corporate/home.jspx"
              xmlns="http://xmlns.oracle.com/adf/security">
    <privilege-map operation="create" privilege="create"/>
    <privilege-map operation="delete" privilege="delete"/>
    <privilege-map operation="edit" privilege="update"/>
    <privilege-map operation="personalize" privilege="personalize"/>
    <privilege-map operation="view" privilege="view"/>
  </permission>
</pageDefinition>
