<?xml version="1.0" encoding="UTF-8" ?>
<pageDefinition xmlns="http://xmlns.oracle.com/adfm/uimodel"
                version="11.1.1.60.13" id="mybillingsummaryPageDef"
                Package="oracle.webcenter.portalapp.pages.corporate">
  <parameters>
    <parameter id="page_parent"
               value="/oracle/webcenter/portalapp/pagehierarchy/pages.xml"/>
    <parameter id="page_info"
               value="title=mybillingsummary;desc=;keywords=;createdBy=weblogic;createDate=2012-11-21T15:40:53;lastUpdatedBy=weblogic;lastUpdateDate=2012-11-21T15:40:53;permissionClass=oracle.webcenter.security.auth.HierarchicalResourcePermission;target=serviceID=oracle.webcenter.page,scopeID=s8bba98ff_4cbb_40b8_beee_296c916a23ed,resourceID=/oracle/webcenter/portalapp/pages/corporate/mybillingsummary.jspx;excluded=false;style="/>
    <parameter id="page_title" value="mybillingsummary"/>
  </parameters>
  <executables>
    <variableIterator id="variables"/>
    <page path="oracle.webcenter.portalapp.pagetemplates.pageTemplate_corporate_two_columnPageDef"
          id="pageTemplateBinding" Refresh="ifNeeded"/>
    <taskFlow id="monthlyinvoicestaskflowdefinition1"
              taskFlowId="/WEB-INF/au/com/entitysolutions/taskflows/corporate/mybillingsummary/monthly-invoices-task-flow-definition.xml#monthly-invoices-task-flow-definition"
              activation="deferred"
              xmlns="http://xmlns.oracle.com/adf/controller/binding">
      <parameters>
        <parameter id="orgId" value="#{sessionScope.userSessionBean.orgId}"/>
      </parameters>
    </taskFlow>
    <taskFlow id="quarterlyinvoicestaskflowdefinition1"
              taskFlowId="/WEB-INF/au/com/entitysolutions/taskflows/corporate/mybillingsummary/quarterly-invoices-task-flow-definition.xml#quarterly-invoices-task-flow-definition"
              activation="deferred"
              xmlns="http://xmlns.oracle.com/adf/controller/binding">
      <parameters>
        <parameter id="orgId" value="#{sessionScope.userSessionBean.orgId}"/>
      </parameters>
    </taskFlow>
    <taskFlow id="mybillinglisttaskflowdefinition1"
              taskFlowId="/WEB-INF/au/com/entitysolutions/taskflows/corporate/mybillingsummary/my-billing-list-task-flow-definition.xml#my-billing-list-task-flow-definition"
              activation="deferred"
              xmlns="http://xmlns.oracle.com/adf/controller/binding">
      <parameters>
        <parameter id="orgId" value="#{sessionScope.userSessionBean.orgId}"/>
      </parameters>
    </taskFlow>
    <taskFlow id="pageeditorpanel"
              taskFlowId="#{pageEditorBean.pageEditorPanel}"
              xmlns="http://xmlns.oracle.com/adf/controller/binding"/>
  </executables>
  <bindings/>
  <permission permissionClass="oracle.webcenter.security.auth.HierarchicalResourcePermission"
              target="serviceID=oracle.webcenter.page,scopeID=s8bba98ff_4cbb_40b8_beee_296c916a23ed,resourceID=/oracle/webcenter/portalapp/pages/corporate/mybillingsummary.jspx"
              xmlns="http://xmlns.oracle.com/adf/security">
    <privilege-map operation="create" privilege="create"/>
    <privilege-map operation="delete" privilege="delete"/>
    <privilege-map operation="edit" privilege="update"/>
    <privilege-map operation="personalize" privilege="personalize"/>
    <privilege-map operation="view" privilege="view"/>
  </permission>
</pageDefinition>
