<?xml version="1.0" encoding="UTF-8" ?>
<pageDefinition xmlns="http://xmlns.oracle.com/adfm/uimodel"
                version="11.1.1.60.13" id="mycontractsPageDef"
                Package="oracle.webcenter.portalapp.pages.corporate">
  <parameters>
    <parameter id="page_parent"
               value="/oracle/webcenter/portalapp/pagehierarchy/pages.xml"/>
    <parameter id="page_info"
               value="title=mycontracts;desc=;keywords=;createdBy=weblogic;createDate=2012-11-20T14:32:46;lastUpdatedBy=weblogic;lastUpdateDate=2012-11-20T14:32:46;permissionClass=oracle.webcenter.security.auth.HierarchicalResourcePermission;target=serviceID=oracle.webcenter.page,scopeID=s8bba98ff_4cbb_40b8_beee_296c916a23ed,resourceID=/oracle/webcenter/portalapp/pages/corporate/mycontracts.jspx;excluded=false;style="/>
    <parameter id="page_title" value="mycontracts"/>
  </parameters>
  <executables>
    <variableIterator id="variables"/>
    <page path="oracle.webcenter.portalapp.pagetemplates.pageTemplate_corporate_two_columnPageDef"
          id="pageTemplateBinding" Refresh="ifNeeded"/>
    <taskFlow id="quarterlyextensionstaskflowdefinition1"
              taskFlowId="/WEB-INF/au/com/entitysolutions/taskflows/corporate/mycontracts/quarterly-extensions-task-flow-definition.xml#quarterly-extensions-task-flow-definition"
              activation="deferred"
              xmlns="http://xmlns.oracle.com/adf/controller/binding">
      <parameters>
        <parameter id="orgId" value="#{sessionScope.userSessionBean.orgId}"/>
      </parameters>
    </taskFlow>
    <taskFlow id="activecontractstaskflowdefinition1"
              taskFlowId="/WEB-INF/au/com/entitysolutions/taskflows/corporate/mycontracts/active-contracts-task-flow-definition.xml#active-contracts-task-flow-definition"
              activation="deferred"
              xmlns="http://xmlns.oracle.com/adf/controller/binding">
      <parameters>
        <parameter id="orgId" value="#{sessionScope.userSessionBean.orgId}"/>
      </parameters>
    </taskFlow>
    <taskFlow id="weeklyforecasttaskflowdefinition1"
              taskFlowId="/WEB-INF/au/com/entitysolutions/taskflows/corporate/mycontracts/weekly-forecast-task-flow-definition.xml#weekly-forecast-task-flow-definition"
              activation="deferred"
              xmlns="http://xmlns.oracle.com/adf/controller/binding">
      <parameters>
        <parameter id="orgId" value="#{sessionScope.userSessionBean.orgId}"/>
      </parameters>
    </taskFlow>
    <taskFlow id="mycontractslistanddetailstaskflowdefinition1"
              taskFlowId="/WEB-INF/au/com/entitysolutions/taskflows/corporate/mycontracts/my-contracts-list-and-details-task-flow-definition.xml#my-contracts-list-and-details-task-flow-definition"
              activation="deferred"
              xmlns="http://xmlns.oracle.com/adf/controller/binding">
      <parameters>
        <parameter id="orgId" value="#{sessionScope.userSessionBean.orgId}"/>
      </parameters>
    </taskFlow>
    <taskFlow id="pageeditorpanel"
              taskFlowId="#{pageEditorBean.pageEditorPanel}"
              xmlns="http://xmlns.oracle.com/adf/controller/binding"/>
  </executables>
  <bindings/>
  <permission permissionClass="oracle.webcenter.security.auth.HierarchicalResourcePermission"
              target="serviceID=oracle.webcenter.page,scopeID=s8bba98ff_4cbb_40b8_beee_296c916a23ed,resourceID=/oracle/webcenter/portalapp/pages/corporate/mycontracts.jspx"
              xmlns="http://xmlns.oracle.com/adf/security">
    <privilege-map operation="create" privilege="create"/>
    <privilege-map operation="delete" privilege="delete"/>
    <privilege-map operation="edit" privilege="update"/>
    <privilege-map operation="personalize" privilege="personalize"/>
    <privilege-map operation="view" privilege="view"/>
  </permission>
</pageDefinition>
