<?xml version="1.0" encoding="UTF-8" ?>
<!-- Generated by Oracle SOA Modeler version 1.0 at [5/23/13 11:07 AM]. -->
<composite name="ExpenseUploadWS"
           revision="1.0"
           label="2013-05-23_11-07-30_541"
           mode="active"
           state="on"
           xmlns="http://xmlns.oracle.com/sca/1.0"
           xmlns:xs="http://www.w3.org/2001/XMLSchema"
           xmlns:wsp="http://schemas.xmlsoap.org/ws/2004/09/policy"
           xmlns:orawsp="http://schemas.oracle.com/ws/2006/01/policy"
           xmlns:ui="http://xmlns.oracle.com/soa/designer/">
  <import namespace="http://xmlns.oracle.com/EntityServiceLayerPOC/ExpenseUploadWS/ExpenseUploadBPEL"
          location="ExpenseUploadBPEL.wsdl" importType="wsdl"/>
  <import namespace="http://xmlns.oracle.com/pcbpel/adapter/file/EntityServiceLayerPOC/ExpenseUploadWS/writeFile"
          location="writeFile.wsdl" importType="wsdl"/>
  <import namespace="http://xmlns.oracle.com/pcbpel/adapter/db/EntityServiceLayerPOC/ExpenseUploadWS/writeExpenseToDB"
          location="writeExpenseToDB.wsdl" importType="wsdl"/>
  <import namespace="http://xmlns.oracle.com/EntityServiceLayerPOC/ExpenseService/BPELProcess1"
          location="BPELProcess1.wsdl" importType="wsdl"/>
  <service name="expenseuploadbpel_client_ep"
           ui:wsdlLocation="ExpenseUploadBPEL.wsdl">
    <interface.wsdl interface="http://xmlns.oracle.com/EntityServiceLayerPOC/ExpenseUploadWS/ExpenseUploadBPEL#wsdl.interface(ExpenseUploadBPEL)"/>
    <binding.ws port="http://xmlns.oracle.com/EntityServiceLayerPOC/ExpenseUploadWS/ExpenseUploadBPEL#wsdl.endpoint(expenseuploadbpel_client_ep/ExpenseUploadBPEL_pt)">
      <wsp:PolicyReference URI="oracle/wsmtom_policy" orawsp:category="mtom"
                           orawsp:status="enabled"/>
    </binding.ws>
  </service>
  <component name="ExpenseUploadBPEL" version="1.1">
    <implementation.bpel src="ExpenseUploadBPEL.bpel"/>
  </component>
  <component name="ExpenseToDB">
    <implementation.mediator src="ExpenseToDB.mplan"/>
  </component>
  <reference name="writeFile" ui:wsdlLocation="writeFile.wsdl">
    <interface.wsdl interface="http://xmlns.oracle.com/pcbpel/adapter/file/EntityServiceLayerPOC/ExpenseUploadWS/writeFile#wsdl.interface(Write_ptt)"/>
    <binding.jca config="writeFile_file.jca"/>
  </reference>
  <reference name="writeExpenseToDB" ui:wsdlLocation="writeExpenseToDB.wsdl">
    <interface.wsdl interface="http://xmlns.oracle.com/pcbpel/adapter/db/EntityServiceLayerPOC/ExpenseUploadWS/writeExpenseToDB#wsdl.interface(writeExpenseToDB_ptt)"/>
    <binding.jca config="writeExpenseToDB_db.jca"/>
    <property name="jca.retry.count" type="xs:int" many="false" override="may">4</property>
    <property name="jca.retry.interval" type="xs:int" many="false"
              override="may">1</property>
    <property name="jca.retry.backoff" type="xs:int" many="false"
              override="may">2</property>
    <property name="jca.retry.maxInterval" type="xs:string" many="false"
              override="may">120</property>
  </reference>
  <wire>
    <source.uri>expenseuploadbpel_client_ep</source.uri>
    <target.uri>ExpenseUploadBPEL/expenseuploadbpel_client</target.uri>
  </wire>
  <wire>
    <source.uri>ExpenseUploadBPEL/writeFile</source.uri>
    <target.uri>writeFile</target.uri>
  </wire>
  <wire>
    <source.uri>ExpenseUploadBPEL/ExpenseToDB.ExpenseToDB</source.uri>
    <target.uri>ExpenseToDB/ExpenseToDB</target.uri>
  </wire>
  <wire>
    <source.uri>ExpenseToDB/writeExpenseToDB</source.uri>
    <target.uri>writeExpenseToDB</target.uri>
  </wire>
</composite>
