<?xml version = '1.0' encoding = 'UTF-8'?>
<!DOCTYPE properties SYSTEM "http://java.sun.com/dtd/properties.dtd">
<properties>
   <entry key="ENTITY_EXPENSES_SUBMITTED.AMOUNT:db_column_not_null">true</entry>
   <entry key="ENTITY_EXPENSES_SUBMITTED.USER_ID:db_column_size">20</entry>
   <entry key="ENTITY_EXPENSES_SUBMITTED.RECEIPT_ID:db_column_not_null">true</entry>
   <entry key="ENTITY_EXPENSES_SUBMITTED.ENTRY_ID:db_column_size">20</entry>
   <entry key="ENTITY_EXPENSES_SUBMITTED.USER_ID:db_column_not_null">true</entry>
   <entry key="ENTITY_EXPENSES_SUBMITTED.RECEIPT_ID:db_column_type">VARCHAR2</entry>
   <entry key="ENTITY_EXPENSES_SUBMITTED.INCURED_DATE:db_column_type">VARCHAR2</entry>
   <entry key="ENTITY_EXPENSES_SUBMITTED:db_column_5">ENTRY_ID</entry>
   <entry key="ENTITY_EXPENSES_SUBMITTED:db_column_4">RECEIPT_ID</entry>
   <entry key="ENTITY_EXPENSES_SUBMITTED.AMOUNT:db_column_type">VARCHAR2</entry>
   <entry key="ENTITY_EXPENSES_SUBMITTED.DESCRIPTION:db_column_not_null">true</entry>
   <entry key="ENTITY_EXPENSES_SUBMITTED:db_column_3">DESCRIPTION</entry>
   <entry key="ENTITY_EXPENSES_SUBMITTED:db_column_2">INCURED_DATE</entry>
   <entry key="return_single_result_set">false</entry>
   <entry key="ENTITY_EXPENSES_SUBMITTED:db_column_1">AMOUNT</entry>
   <entry key="ENTITY_EXPENSES_SUBMITTED:db_column_0">USER_ID</entry>
   <entry key="ENTITY_EXPENSES_SUBMITTED.DESCRIPTION:db_column_type">VARCHAR2</entry>
   <entry key="ENTITY_EXPENSES_SUBMITTED.USER_ID:db_column_type">VARCHAR2</entry>
   <entry key="root_descriptor_alias">ENTITY_EXPENSES_SUBMITTED</entry>
   <entry key="ENTITY_EXPENSES_SUBMITTED.RECEIPT_ID:db_column_size">20</entry>
   <entry key="ENTITY_EXPENSES_SUBMITTED.INCURED_DATE:db_column_size">20</entry>
   <entry key="ENTITY_EXPENSES_SUBMITTED.AMOUNT:db_column_size">20</entry>
   <entry key="ENTITY_EXPENSES_SUBMITTED.ENTRY_ID:db_column_type">VARCHAR2</entry>
   <entry key="ENTITY_EXPENSES_SUBMITTED.ENTRY_ID:db_column_not_null">true</entry>
   <entry key="ENTITY_EXPENSES_SUBMITTED:db_table_type">TABLE</entry>
   <entry key="ENTITY_EXPENSES_SUBMITTED.INCURED_DATE:db_column_not_null">true</entry>
   <entry key="ENTITY_EXPENSES_SUBMITTED.DESCRIPTION:db_column_size">20</entry>
</properties>