<?xml version="1.0" encoding="UTF-8"?>
<object-persistence xmlns="http://www.eclipse.org/eclipselink/xsds/persistence" xmlns:xsd="http://www.w3.org/2001/XMLSchema" xmlns:eclipselink="http://www.eclipse.org/eclipselink/xsds/persistence" xmlns:xsi="http://www.w3.org/2001/XMLSchema-instance" version="Eclipse Persistence Services - 2.1.3.v20110304-r9073">
   <name>writeExpenseToDB-OR</name>
   <class-mapping-descriptors>
      <class-mapping-descriptor xsi:type="object-relational-class-mapping-descriptor">
         <class>writeExpenseToDB.EntityExpensesSubmitted</class>
         <alias>ENTITY_EXPENSES_SUBMITTED</alias>
         <primary-key>
            <field table="ENTITY_EXPENSES_SUBMITTED" name="ENTRY_ID" xsi:type="column"/>
         </primary-key>
         <events/>
         <querying>
            <queries>
               <query name="writeExpenseToDBSelect" xsi:type="read-all-query">
                  <criteria operator="equal" xsi:type="relation-expression">
                     <left name="userId" xsi:type="query-key-expression">
                        <base xsi:type="base-expression"/>
                     </left>
                     <right xsi:type="parameter-expression">
                        <parameter name="userid" xsi:type="column"/>
                     </right>
                  </criteria>
                  <arguments>
                     <argument name="userid">
                        <type>java.lang.String</type>
                     </argument>
                  </arguments>
                  <reference-class>writeExpenseToDB.EntityExpensesSubmitted</reference-class>
                  <container xsi:type="list-container-policy">
                     <collection-type>java.util.Vector</collection-type>
                  </container>
               </query>
            </queries>
         </querying>
         <attribute-mappings>
            <attribute-mapping xsi:type="direct-mapping">
               <attribute-name>userId</attribute-name>
               <field table="ENTITY_EXPENSES_SUBMITTED" name="USER_ID" xsi:type="column"/>
               <attribute-classification>java.lang.String</attribute-classification>
            </attribute-mapping>
            <attribute-mapping xsi:type="direct-mapping">
               <attribute-name>amount</attribute-name>
               <field table="ENTITY_EXPENSES_SUBMITTED" name="AMOUNT" xsi:type="column"/>
               <attribute-classification>java.lang.String</attribute-classification>
            </attribute-mapping>
            <attribute-mapping xsi:type="direct-mapping">
               <attribute-name>incuredDate</attribute-name>
               <field table="ENTITY_EXPENSES_SUBMITTED" name="INCURED_DATE" xsi:type="column"/>
               <attribute-classification>java.lang.String</attribute-classification>
            </attribute-mapping>
            <attribute-mapping xsi:type="direct-mapping">
               <attribute-name>description</attribute-name>
               <field table="ENTITY_EXPENSES_SUBMITTED" name="DESCRIPTION" xsi:type="column"/>
               <attribute-classification>java.lang.String</attribute-classification>
            </attribute-mapping>
            <attribute-mapping xsi:type="direct-mapping">
               <attribute-name>receiptId</attribute-name>
               <field table="ENTITY_EXPENSES_SUBMITTED" name="RECEIPT_ID" xsi:type="column"/>
               <attribute-classification>java.lang.String</attribute-classification>
            </attribute-mapping>
            <attribute-mapping xsi:type="direct-mapping">
               <attribute-name>entryId</attribute-name>
               <field table="ENTITY_EXPENSES_SUBMITTED" name="ENTRY_ID" xsi:type="column"/>
               <attribute-classification>java.lang.String</attribute-classification>
            </attribute-mapping>
         </attribute-mappings>
         <descriptor-type>independent</descriptor-type>
         <caching>
            <cache-type>weak-reference</cache-type>
            <cache-size>-1</cache-size>
            <always-refresh>true</always-refresh>
         </caching>
         <remote-caching>
            <cache-type>weak-reference</cache-type>
            <cache-size>-1</cache-size>
         </remote-caching>
         <instantiation/>
         <copying xsi:type="instantiation-copy-policy"/>
         <tables>
            <table name="ENTITY_EXPENSES_SUBMITTED"/>
         </tables>
         <structure>structureName</structure>
      </class-mapping-descriptor>
   </class-mapping-descriptors>
   <login xsi:type="database-login">
      <platform-class>org.eclipse.persistence.platform.database.oracle.Oracle9Platform</platform-class>
      <user-name></user-name>
      <connection-url></connection-url>
   </login>
</object-persistence>
