<?xml version="1.0" encoding="UTF-8" ?>
<JavaBean xmlns="http://xmlns.oracle.com/adfm/beanmodel" version="11.1.1.60.13"
          id="shortHistoryType"
          Package="IProExpenseProcess_UI_BillingAndRemuneration_BillingAndRemuneration"
          BeanClass="IProExpenseProcess_UI_BillingAndRemuneration_BillingAndRemuneration.shortHistoryType"
          isJavaBased="false">
  <AccessorAttribute id="task" IsCollection="true"
                     BeanClass="IProExpenseProcess_UI_BillingAndRemuneration_BillingAndRemuneration.shortHistoryTaskType"
                     CollectionBeanClass="IProExpenseProcess_UI_BillingAndRemuneration_BillingAndRemuneration.shortHistoryTaskType_task_Operations">
    <Properties>
      <Property Name="minOccurs" Value="0"/>
      <Property Name="maxOccurs" Value="2147483640"/>
      <Property Name="LABEL" Value="Task"/>
      <Property Name="nillable" Value="false"/>
      <Property Name="originalName" Value="task"/>
      <Property Name="targetNamespace"
                Value="http://xmlns.oracle.com/bpel/workflow/task"/>
    </Properties>
  </AccessorAttribute>
</JavaBean>
