<?xml version="1.0" encoding="UTF-8" ?>
<JavaBean xmlns="http://xmlns.oracle.com/adfm/beanmodel" version="11.1.1.60.13"
          id="ExpensesOpsSupportType"
          Package="IProExpenseProcess_UI_OpsSupport_ConvertExpenseDocumentationToPDF"
          BeanClass="IProExpenseProcess_UI_OpsSupport_ConvertExpenseDocumentationToPDF.ExpensesOpsSupportType"
          isJavaBased="false">
  <Attribute Name="entry_id" IsUpdateable="0" Type="java.lang.String">
    <Properties>
      <CustomProperties>
        <Property Name="nextSiblingNamespace"
                  Value="http://xmlns.oracle.com/bpm/bpmobject/IProExpenses/ExpensesOpsSupport"/>
        <Property Name="nextSibling" Value="ipro_user"/>
        <Property Name="minOccurs" Value="1"/>
        <Property Name="maxOccurs" Value="1"/>
        <Property Name="LABEL" Value="Entry Id"/>
        <Property Name="LeafElement_hint" Value="LeafElement_no_attribute"/>
        <Property Name="nillable" Value="true"/>
        <Property Name="originalName" Value="entry_id"/>
        <Property Name="targetNamespace"
                  Value="http://xmlns.oracle.com/bpm/bpmobject/IProExpenses/ExpensesOpsSupport"/>
        <Property Name="type" Value="java.lang.String"/>
      </CustomProperties>
    </Properties>
  </Attribute>
  <Attribute Name="ipro_user" IsUpdateable="0" Type="java.lang.String">
    <Properties>
      <CustomProperties>
        <Property Name="nextSiblingNamespace"
                  Value="http://xmlns.oracle.com/bpm/bpmobject/IProExpenses/ExpensesOpsSupport"/>
        <Property Name="nextSibling" Value="receipt_id"/>
        <Property Name="minOccurs" Value="1"/>
        <Property Name="maxOccurs" Value="1"/>
        <Property Name="LABEL" Value="Ipro User"/>
        <Property Name="LeafElement_hint" Value="LeafElement_no_attribute"/>
        <Property Name="nillable" Value="true"/>
        <Property Name="originalName" Value="ipro_user"/>
        <Property Name="targetNamespace"
                  Value="http://xmlns.oracle.com/bpm/bpmobject/IProExpenses/ExpensesOpsSupport"/>
        <Property Name="type" Value="java.lang.String"/>
      </CustomProperties>
    </Properties>
  </Attribute>
  <Attribute Name="receipt_id" IsUpdateable="0" Type="java.lang.String">
    <Properties>
      <CustomProperties>
        <Property Name="nextSiblingNamespace"
                  Value="http://xmlns.oracle.com/bpm/bpmobject/IProExpenses/ExpensesOpsSupport"/>
        <Property Name="nextSibling" Value="ipromanager_notes"/>
        <Property Name="minOccurs" Value="1"/>
        <Property Name="maxOccurs" Value="1"/>
        <Property Name="LABEL" Value="Receipt Id"/>
        <Property Name="LeafElement_hint" Value="LeafElement_no_attribute"/>
        <Property Name="nillable" Value="true"/>
        <Property Name="originalName" Value="receipt_id"/>
        <Property Name="targetNamespace"
                  Value="http://xmlns.oracle.com/bpm/bpmobject/IProExpenses/ExpensesOpsSupport"/>
        <Property Name="type" Value="java.lang.String"/>
      </CustomProperties>
    </Properties>
  </Attribute>
  <Attribute Name="ipromanager_notes" IsUpdateable="0" Type="java.lang.String">
    <Properties>
      <CustomProperties>
        <Property Name="minOccurs" Value="1"/>
        <Property Name="maxOccurs" Value="1"/>
        <Property Name="LABEL" Value="Ipromanager Notes"/>
        <Property Name="LeafElement_hint" Value="LeafElement_no_attribute"/>
        <Property Name="nillable" Value="true"/>
        <Property Name="originalName" Value="ipromanager_notes"/>
        <Property Name="targetNamespace"
                  Value="http://xmlns.oracle.com/bpm/bpmobject/IProExpenses/ExpensesOpsSupport"/>
        <Property Name="type" Value="java.lang.String"/>
      </CustomProperties>
    </Properties>
  </Attribute>
</JavaBean>
