<?xml version="1.0" encoding="UTF-8" ?>
<JavaBean xmlns="http://xmlns.oracle.com/adfm/beanmodel" version="11.1.1.60.13"
          id="keyListType"
          Package="IProExpenseProcess_UI_OpsSupport_ConvertExpenseDocumentationToPDF"
          BeanClass="IProExpenseProcess_UI_OpsSupport_ConvertExpenseDocumentationToPDF.keyListType"
          isJavaBased="false">
  <AccessorAttribute id="key" IsCollection="true"
                     BeanClass="IProExpenseProcess_UI_OpsSupport_ConvertExpenseDocumentationToPDF.keyType"
                     CollectionBeanClass="IProExpenseProcess_UI_OpsSupport_ConvertExpenseDocumentationToPDF.keyType_key_Operations">
    <Properties>
      <Property Name="minOccurs" Value="1"/>
      <Property Name="maxOccurs" Value="2147483640"/>
      <Property Name="LABEL" Value="Key"/>
      <Property Name="nillable" Value="false"/>
      <Property Name="originalName" Value="key"/>
      <Property Name="targetNamespace"
                Value="http://xmlns.oracle.com/bpel/workflow/task"/>
    </Properties>
  </AccessorAttribute>
</JavaBean>
