<?xml version="1.0" encoding="UTF-8" ?>
<JavaBean xmlns="http://xmlns.oracle.com/adfm/beanmodel" version="11.1.1.60.13"
          id="advancedSearch_return"
          Package="au.com.entitysolutions.portal.EntityUCMDC"
          BeanClass="au.com.entitysolutions.portal.EntityUCMDC.advancedSearch_return"
          isJavaBased="false">
  <Attribute Name="ID" IsUpdateable="0" Type="java.lang.String"/>
  <Attribute Name="name" IsUpdateable="0" Type="java.lang.String"/>
  <Attribute Name="path" PrimaryKey="true" IsUpdateable="0"
             Type="java.lang.String"/>
  <Attribute Name="URI" IsUpdateable="0" Type="java.net.URI"/>
  <Attribute Name="primaryType" IsUpdateable="0" Type="java.lang.String"/>
  <Attribute Name="icon16" IsUpdateable="0" Type="java.lang.String"/>
  <Attribute Name="icon32" IsUpdateable="0" Type="java.lang.String"/>
  <Attribute Name="title" IsUpdateable="0" Type="java.lang.String"/>
  <Attribute Name="docType" IsUpdateable="0" Type="java.lang.String"/>
  <Attribute Name="displayName" IsUpdateable="0" Type="java.lang.String"/>
  <Attribute Name="created" IsUpdateable="0" Type="java.util.Calendar"/>
  <Attribute Name="lastModified" IsUpdateable="0" Type="java.util.Calendar"/>
  <Attribute Name="owner" IsUpdateable="0" Type="java.lang.String"/>
  <Attribute Name="creator" IsUpdateable="0" Type="java.lang.String"/>
  <Attribute Name="lastModifier" IsUpdateable="0" Type="java.lang.String"/>
  <Attribute Name="mimeType" IsUpdateable="0" Type="java.lang.String"/>
  <Attribute Name="language" IsUpdateable="0" Type="java.lang.String"/>
  <Attribute Name="revisionLabel" IsUpdateable="0" Type="java.lang.Long"/>
  <Attribute Name="isCheckedOut" IsUpdateable="0" Type="java.lang.Boolean"/>
  <Attribute Name="releaseDate" IsUpdateable="0" Type="java.util.Calendar"/>
  <Attribute Name="expirationDate" IsUpdateable="0" Type="java.util.Calendar"/>
  <Attribute Name="status" IsUpdateable="0" Type="java.lang.String"/>
  <Attribute Name="securityGroup" IsUpdateable="0" Type="java.lang.String"/>
  <Attribute Name="account" IsUpdateable="0" Type="java.lang.String"/>
  <Attribute Name="publishState" IsUpdateable="0" Type="java.lang.String"/>
  <Attribute Name="releaseState" IsUpdateable="0" Type="java.lang.String"/>
  <Attribute Name="processingState" IsUpdateable="0" Type="java.lang.String"/>
  <Attribute Name="workflowState" IsUpdateable="0" Type="java.lang.String"/>
  <Attribute Name="comment" IsUpdateable="0" Type="java.lang.String"/>
  <Attribute Name="contentId" IsUpdateable="0" Type="java.lang.String"/>
</JavaBean>
