<?xml version = '1.0' encoding = 'UTF-8'?>
<hwTaskFlows xmlns="http://xmlns.oracle.com/bpel/workflow/hwTaskFlowProperties">
   <ApplicationName>worklist</ApplicationName>
   <LookupType>LOCAL</LookupType>
   <TaskFlowDeploy>false</TaskFlowDeploy>
   <TaskFlowServer>
      <hostName/>
      <httpPort/>
      <httpsPort/>
   </TaskFlowServer>
<hwTaskFlow><WorkflowName>BillingAndRemuneration</WorkflowName><TaskDefinitionNamespace>http://xmlns.oracle.com/EntityBPMPOC/IProExpenseProcess/BillingAndRemuneration</TaskDefinitionNamespace><TaskFlowId>BillingAndRemuneration_TaskFlow</TaskFlowId><TaskFlowFileName>WEB-INF/BillingAndRemuneration_TaskFlow.xml</TaskFlowFileName></hwTaskFlow></hwTaskFlows>
