<?xml version="1.0" encoding="UTF-8" ?>
<JavaBean xmlns="http://xmlns.oracle.com/adfm/beanmodel" version="11.1.1.60.13"
          id="ExpenseManagerOfCustomerExecutivesType"
          Package="IProExpenseProcess_UI_ManagerOfCustomerExecutives_NotifyManagerOfCustomerExecutives"
          BeanClass="IProExpenseProcess_UI_ManagerOfCustomerExecutives_NotifyManagerOfCustomerExecutives.ExpenseManagerOfCustomerExecutivesType"
          isJavaBased="false">
  <Attribute Name="amount" IsUpdateable="0" Type="java.lang.String">
    <Properties>
      <CustomProperties>
        <Property Name="nextSiblingNamespace"
                  Value="http://xmlns.oracle.com/bpm/bpmobject/IProExpenses/ExpenseManagerOfCustomerExecutives"/>
        <Property Name="nextSibling" Value="ipro_user"/>
        <Property Name="minOccurs" Value="1"/>
        <Property Name="maxOccurs" Value="1"/>
        <Property Name="LABEL" Value="Amount"/>
        <Property Name="LeafElement_hint" Value="LeafElement_no_attribute"/>
        <Property Name="nillable" Value="true"/>
        <Property Name="originalName" Value="amount"/>
        <Property Name="targetNamespace"
                  Value="http://xmlns.oracle.com/bpm/bpmobject/IProExpenses/ExpenseManagerOfCustomerExecutives"/>
        <Property Name="type" Value="java.lang.String"/>
      </CustomProperties>
    </Properties>
  </Attribute>
  <Attribute Name="ipro_user" IsUpdateable="0" Type="java.lang.String">
    <Properties>
      <CustomProperties>
        <Property Name="nextSiblingNamespace"
                  Value="http://xmlns.oracle.com/bpm/bpmobject/IProExpenses/ExpenseManagerOfCustomerExecutives"/>
        <Property Name="nextSibling" Value="ipro_manager"/>
        <Property Name="minOccurs" Value="1"/>
        <Property Name="maxOccurs" Value="1"/>
        <Property Name="LABEL" Value="Ipro User"/>
        <Property Name="LeafElement_hint" Value="LeafElement_no_attribute"/>
        <Property Name="nillable" Value="true"/>
        <Property Name="originalName" Value="ipro_user"/>
        <Property Name="targetNamespace"
                  Value="http://xmlns.oracle.com/bpm/bpmobject/IProExpenses/ExpenseManagerOfCustomerExecutives"/>
        <Property Name="type" Value="java.lang.String"/>
      </CustomProperties>
    </Properties>
  </Attribute>
  <Attribute Name="ipro_manager" IsUpdateable="0" Type="java.lang.String">
    <Properties>
      <CustomProperties>
        <Property Name="nextSiblingNamespace"
                  Value="http://xmlns.oracle.com/bpm/bpmobject/IProExpenses/ExpenseManagerOfCustomerExecutives"/>
        <Property Name="nextSibling" Value="date_incured"/>
        <Property Name="minOccurs" Value="1"/>
        <Property Name="maxOccurs" Value="1"/>
        <Property Name="LABEL" Value="Ipro Manager"/>
        <Property Name="LeafElement_hint" Value="LeafElement_no_attribute"/>
        <Property Name="nillable" Value="true"/>
        <Property Name="originalName" Value="ipro_manager"/>
        <Property Name="targetNamespace"
                  Value="http://xmlns.oracle.com/bpm/bpmobject/IProExpenses/ExpenseManagerOfCustomerExecutives"/>
        <Property Name="type" Value="java.lang.String"/>
      </CustomProperties>
    </Properties>
  </Attribute>
  <Attribute Name="date_incured" IsUpdateable="0" Type="java.lang.String">
    <Properties>
      <CustomProperties>
        <Property Name="nextSiblingNamespace"
                  Value="http://xmlns.oracle.com/bpm/bpmobject/IProExpenses/ExpenseManagerOfCustomerExecutives"/>
        <Property Name="nextSibling" Value="notes"/>
        <Property Name="minOccurs" Value="1"/>
        <Property Name="maxOccurs" Value="1"/>
        <Property Name="LABEL" Value="Date Incured"/>
        <Property Name="LeafElement_hint" Value="LeafElement_no_attribute"/>
        <Property Name="nillable" Value="true"/>
        <Property Name="originalName" Value="date_incured"/>
        <Property Name="targetNamespace"
                  Value="http://xmlns.oracle.com/bpm/bpmobject/IProExpenses/ExpenseManagerOfCustomerExecutives"/>
        <Property Name="type" Value="java.lang.String"/>
      </CustomProperties>
    </Properties>
  </Attribute>
  <Attribute Name="notes" IsUpdateable="0" Type="java.lang.String">
    <Properties>
      <CustomProperties>
        <Property Name="minOccurs" Value="1"/>
        <Property Name="maxOccurs" Value="1"/>
        <Property Name="LABEL" Value="Notes"/>
        <Property Name="LeafElement_hint" Value="LeafElement_no_attribute"/>
        <Property Name="nillable" Value="true"/>
        <Property Name="originalName" Value="notes"/>
        <Property Name="targetNamespace"
                  Value="http://xmlns.oracle.com/bpm/bpmobject/IProExpenses/ExpenseManagerOfCustomerExecutives"/>
        <Property Name="type" Value="java.lang.String"/>
      </CustomProperties>
    </Properties>
  </Attribute>
</JavaBean>
