<?xml version="1.0" encoding="ISO-8859-1" ?>
<adfc-config xmlns="http://xmlns.oracle.com/adf/controller" version="1.2">
  <task-flow-definition id="IProExpense_Manager_HT_TaskFlow">
    <default-activity id="__110">taskDetails1_jspx</default-activity>
    <data-control-scope id="__194">
      <isolated/>
    </data-control-scope>
    <input-parameter-definition id="__4">
      <name id="__3">bpmWorklistContext</name>
      <value id="__2">#{pageFlowScope.bpmWorklistContext}</value>
      <class id="__1"></class>
    </input-parameter-definition>
    <input-parameter-definition id="__7">
      <name id="__6">bpmWorklistTaskId</name>
      <value id="__8">#{pageFlowScope.bpmWorklistTaskId}</value>
      <class id="__5"></class>
    </input-parameter-definition>
    <input-parameter-definition id="__12">
      <name id="__10">bpmWorklistTaskVersion</name>
      <value id="__11">#{pageFlowScope.bpmWorklistTaskVersion}</value>
      <class id="__9"></class>
    </input-parameter-definition>
    <input-parameter-definition id="__14">
      <name id="__15">bpmWorklistHttpURL</name>
      <value id="__13">#{pageFlowScope.bpmWorklistHttpURL}</value>
      <class id="__16"></class>
    </input-parameter-definition>
    <input-parameter-definition id="__18">
      <name id="__19">parentURL</name>
      <value id="__20">#{pageFlowScope.parentURL}</value>
      <class id="__17"></class>
    </input-parameter-definition>
    <input-parameter-definition id="__21">
      <name id="__23">bpmWorklistHome</name>
      <value id="__24">#{pageFlowScope.bpmWorklistHome}</value>
      <class id="__22"></class>
    </input-parameter-definition>
    <input-parameter-definition id="__26">
      <name id="__28">bpmWorklistLogin</name>
      <value id="__25">#{pageFlowScope.bpmWorklistLogin}</value>
      <class id="__27"></class>
    </input-parameter-definition>
    <input-parameter-definition id="__31">
      <name id="__30">bpmWorklistLogout</name>
      <value id="__29">#{pageFlowScope.bpmWorklistLogout}</value>
      <class id="__32"></class>
    </input-parameter-definition>
    <input-parameter-definition id="__33">
      <name id="__36">bpmWorklistReassign</name>
      <value id="__34">#{pageFlowScope.bpmWorklistReassign}</value>
      <class id="__35"></class>
    </input-parameter-definition>
    <input-parameter-definition id="__38">
      <name id="__37">bpmWorklistHistory</name>
      <value id="__40">#{pageFlowScope.bpmWorklistHistory}</value>
      <class id="__39"></class>
    </input-parameter-definition>
    <input-parameter-definition id="__44">
      <name id="__43">bpmWorklistRequestInfo</name>
      <value id="__41">#{pageFlowScope.bpmWorklistRequestInfo}</value>
      <class id="__42"></class>
    </input-parameter-definition>
    <input-parameter-definition id="__47">
      <name id="__46">bpmWorklistRoute</name>
      <value id="__45">#{pageFlowScope.bpmWorklistRoute}</value>
      <class id="__48"></class>
    </input-parameter-definition>
    <input-parameter-definition id="__52">
      <name id="__51">bpmClientType</name>
      <value id="__49">#{pageFlowScope.bpmClientType}</value>
      <class id="__50"></class>
    </input-parameter-definition>
    <input-parameter-definition id="__54">
      <name id="__53">bpmBrowserWindowStatus</name>
      <value id="__55">#{pageFlowScope.bpmBrowserWindowStatus}</value>
      <class id="__56"></class>
    </input-parameter-definition>
    <input-parameter-definition id="__60">
      <name id="__57">bpmWorklistBackPage</name>
      <value id="__59">#{pageFlowScope.bpmWorklistBackPage}</value>
      <class id="__58"></class>
    </input-parameter-definition>
    <input-parameter-definition id="__61">
      <name id="__64">bpmWorklistSecurity</name>
      <value id="__62">#{pageFlowScope.bpmWorklistSecurity}</value>
      <class id="__63"></class>
    </input-parameter-definition>
    <input-parameter-definition id="__68">
      <name id="__66">bpmWorklistGraphHistory</name>
      <value id="__65">#{pageFlowScope.bpmWorklistGraphSecurity}</value>
      <class id="__67"></class>
    </input-parameter-definition>
    <input-parameter-definition id="__72">
      <name id="__71">lg</name>
      <value id="__70">#{pageFlowScope.lg}</value>
      <class id="__69"></class>
    </input-parameter-definition>
    <input-parameter-definition id="__73">
      <name id="__75">cy</name>
      <value id="__74">#{pageFlowScope.cy}</value>
      <class id="__76"></class>
    </input-parameter-definition>
    <input-parameter-definition id="__77">
      <name id="__80">vr</name>
      <value id="__78">#{pageFlowScope.vr}</value>
      <class id="__79"></class>
    </input-parameter-definition>
    <input-parameter-definition id="__83">
      <name id="__81">tz</name>
      <value id="__82">#{pageFlowScope.tz}</value>
      <class id="__84"></class>
    </input-parameter-definition>
    <input-parameter-definition id="__85">
      <name id="__86">df</name>
      <value id="__88">#{pageFlowScope.df}</value>
      <class id="__87"></class>
    </input-parameter-definition>
    <input-parameter-definition id="__91">
      <name id="__89">tf</name>
      <value id="__92">#{pageFlowScope.tf}</value>
      <class id="__90"></class>
    </input-parameter-definition>
    <input-parameter-definition id="__95">
      <name id="__96">dt</name>
      <value id="__94">#{pageFlowScope.dt}</value>
      <class id="__93"></class>
    </input-parameter-definition>
    <input-parameter-definition id="__97">
      <name id="__100">dateTimePattern</name>
      <value id="__98">#{pageFlowScope.dateTimePattern}</value>
      <class id="__99"></class>
    </input-parameter-definition>
    <input-parameter-definition id="__104">
      <name id="__102">datePattern</name>
      <value id="__103">#{pageFlowScope.datePattern}</value>
      <class id="__101"></class>
    </input-parameter-definition>
    <input-parameter-definition id="__106">
      <name id="__105">timePattern</name>
      <value id="__108">#{pageFlowScope.timePattern}</value>
      <class id="__107"></class>
    </input-parameter-definition>
    <managed-bean id="__122">
      <managed-bean-name id="__121">redirectBean</managed-bean-name>
      <managed-bean-class id="__120">oracle.bpel.services.workflow.worklist.adf.PageRedirectBean</managed-bean-class>
      <managed-bean-scope id="__119">pageFlow</managed-bean-scope>
    </managed-bean>
    <managed-bean id="__125">
      <managed-bean-name id="__123">addCommentBean</managed-bean-name>
      <managed-bean-class id="__124">oracle.bpel.services.workflow.worklist.adf.AddCommentBean</managed-bean-class>
      <managed-bean-scope id="__126">request</managed-bean-scope>
      <managed-property id="__129">
        <property-name id="__127">bindings</property-name>
        <value id="__128">#{bindings}</value>
      </managed-property>
    </managed-bean>
    <managed-bean id="__133">
      <managed-bean-name id="__130">taskDocumentationBean</managed-bean-name>
      <managed-bean-class id="__131">oracle.bpel.services.workflow.worklist.adf.TaskDocumentationBean</managed-bean-class>
      <managed-bean-scope id="__132">pageFlow</managed-bean-scope>
    </managed-bean>
    <managed-bean id="__134">
      <managed-bean-name id="__136">addAttachmentBean</managed-bean-name>
      <managed-bean-class id="__135">oracle.bpel.services.workflow.worklist.adf.AddAttachmentBean</managed-bean-class>
      <managed-bean-scope id="__137">request</managed-bean-scope>
      <managed-property id="__140">
        <property-name id="__138">bindings</property-name>
        <value id="__139">#{bindings}</value>
      </managed-property>
    </managed-bean>
    <managed-bean id="__143">
      <managed-bean-name id="__144">readAttachmentBean</managed-bean-name>
      <managed-bean-class id="__142">oracle.bpel.services.workflow.worklist.adf.ReadAttachmentBean</managed-bean-class>
      <managed-bean-scope id="__141">pageFlow</managed-bean-scope>
    </managed-bean>
    <managed-bean id="__147">
      <managed-bean-name id="__145">addDocumentBean</managed-bean-name>
      <managed-bean-class id="__146">oracle.bpel.services.workflow.worklist.adf.AddDocumentBean</managed-bean-class>
      <managed-bean-scope id="__148">request</managed-bean-scope>
      <managed-property id="__151">
        <property-name id="__150">bindings</property-name>
        <value id="__149">#{bindings}</value>
      </managed-property>
    </managed-bean>
    <managed-bean id="__154">
      <managed-bean-name id="__153">readDocumentBean</managed-bean-name>
      <managed-bean-class id="__155">oracle.bpel.services.workflow.worklist.adf.ReadDocumentBean</managed-bean-class>
      <managed-bean-scope id="__152">pageFlow</managed-bean-scope>
    </managed-bean>
    <managed-bean id="__157">
      <managed-bean-name id="__159">popupBean</managed-bean-name>
      <managed-bean-class id="__158">oracle.bpel.services.workflow.worklist.adf.ADFPopupBean</managed-bean-class>
      <managed-bean-scope id="__156">request</managed-bean-scope>
    </managed-bean>
    <managed-bean id="__161">
      <managed-bean-name id="__160">actionAvailable</managed-bean-name>
      <managed-bean-class id="__162">oracle.bpel.services.workflow.worklist.adf.ActionEnablerBean</managed-bean-class>
      <managed-bean-scope id="__163">request</managed-bean-scope>
      <managed-property id="__165">
        <property-name id="__164">bindings</property-name>
        <value id="__166">#{bindings}</value>
      </managed-property>
    </managed-bean>
    <managed-bean id="__169">
      <managed-bean-name id="__168">invokeActionBean</managed-bean-name>
      <managed-bean-class id="__167">oracle.bpel.services.workflow.worklist.adf.InvokeActionBean</managed-bean-class>
      <managed-bean-scope id="__170">request</managed-bean-scope>
      <managed-property id="__173">
        <property-name id="__172">isReturnActivity</property-name>
        <value id="__171">true</value>
      </managed-property>
    </managed-bean>
    <managed-bean id="__176">
      <managed-bean-name id="__175">aleComponentBean</managed-bean-name>
      <managed-bean-class id="__177">oracle.bpel.services.workflow.worklist.adf.ALEComponentBean</managed-bean-class>
      <managed-bean-scope id="__174">pageFlow</managed-bean-scope>
    </managed-bean>
    <managed-bean id="__180">
      <managed-bean-name id="__181">taskFlowReassignBean</managed-bean-name>
      <managed-bean-class id="__178">oracle.bpel.services.workflow.worklist.adf.TaskFlowReassignBean</managed-bean-class>
      <managed-bean-scope id="__179">pageFlow</managed-bean-scope>
    </managed-bean>
    <managed-bean id="__182">
      <managed-bean-name id="__185">identityBrowserView</managed-bean-name>
      <managed-bean-class id="__184">oracle.bpel.worklistapp.dc.idbrowser.beans.view.IdentityBrowserView</managed-bean-class>
      <managed-bean-scope id="__183">pageFlow</managed-bean-scope>
    </managed-bean>
    <managed-bean id="__188">
      <managed-bean-name id="__189">userPreferencesBean</managed-bean-name>
      <managed-bean-class id="__186">oracle.bpel.worklistapp.userprefs.UserPreferencesBean</managed-bean-class>
      <managed-bean-scope id="__187">pageFlow</managed-bean-scope>
      <managed-property id="__192">
        <property-name id="__191">userPrefs</property-name>
        <value id="__190">#{pageFlowScope.taskFlowReassignBean.userPrefs}</value>
      </managed-property>
    </managed-bean>
    <finalizer id="__111">#{invokeActionBean.invokeScript}</finalizer>
    <view id="taskDetails1_jspx">
      <page id="__109">/taskDetails1.jspx</page>
    </view>
    <task-flow-return id="taskReturn">
      <outcome id="__112">
        <name id="__113">done</name>
      </outcome>
    </task-flow-return>
    <control-flow-rule id="__114">
      <from-activity-id id="__116">*</from-activity-id>
      <control-flow-case id="__115">
        <from-outcome id="__117">closeTaskFlow</from-outcome>
        <to-activity-id id="__118">taskReturn</to-activity-id>
      </control-flow-case>
    </control-flow-rule>
    <visibility id="__193">
      <url-invoke-allowed/>
    </visibility>
  </task-flow-definition>
</adfc-config>
