<?xml version="1.0" encoding="UTF-8" ?>
<!-- Generated by Oracle SOA Modeler version 1.0 at [10/12/11 5:39 PM]. -->
<composite name="SwADemoClient"
           revision="1.0"
           label="2011-10-12_17-39-10_255"
           mode="active"
           state="on"
           xmlns="http://xmlns.oracle.com/sca/1.0"
           xmlns:xs="http://www.w3.org/2001/XMLSchema"
           xmlns:wsp="http://schemas.xmlsoap.org/ws/2004/09/policy"
           xmlns:orawsp="http://schemas.oracle.com/ws/2006/01/policy"
           xmlns:ui="http://xmlns.oracle.com/soa/designer/">
  <import namespace="http://xmlns.oracle.com/pcbpel/adapter/file/AttachmentContentApp/SwADemoClient/ReadAttachmentFile"
          location="ReadAttachmentFile.wsdl" importType="wsdl"/>
  <import namespace="http://xmlns.oracle.com/AttachmentContentApp/SwADemo/SwAService"
          location="SwAService.wsdl"
          importType="wsdl"/>
  <import namespace="http://xmlns.oracle.com/AttachmentContentApp/SwADemo/SwAService"
          location="SwAService.wsdl" importType="wsdl"/>
  <service name="ReadAttachmentFile" ui:wsdlLocation="ReadAttachmentFile.wsdl">
    <interface.wsdl interface="http://xmlns.oracle.com/pcbpel/adapter/file/AttachmentContentApp/SwADemoClient/ReadAttachmentFile#wsdl.interface(Read_ptt)"/>
    <binding.jca config="ReadAttachmentFile_file.jca"/>
  </service>
  <component name="SwAClient" version="1.1">
    <implementation.bpel src="SwAClient.bpel"/>
  </component>
  <reference name="SwAService"
             ui:wsdlLocation="SwAService.wsdl">
    <interface.wsdl interface="http://xmlns.oracle.com/AttachmentContentApp/SwADemo/SwAService#wsdl.interface(SwAService)"/>
    <binding.ws port="http://xmlns.oracle.com/AttachmentContentApp/SwADemo/SwAService#wsdl.endpoint(swaservice_client_ep/SwAService_pt)"
                location="SWAService_Concrete.wsdl" soapVersion="1.1">
      <property name="weblogic.wsee.wsat.transaction.flowOption"
                type="xs:string" many="false">WSDLDriven</property>
    </binding.ws>
  </reference>
  <wire>
    <source.uri>ReadAttachmentFile</source.uri>
    <target.uri>SwAClient/ReadAttachmentFile</target.uri>
  </wire>
  <wire>
    <source.uri>SwAClient/SwAService</source.uri>
    <target.uri>SwAService</target.uri>
  </wire>
</composite>
