<?xml version="1.0" encoding="UTF-8"?>
<process name="SimpleOpaqueDemoProcess" targetNamespace="http://xmlns.oracle.com/AttachmentContentApp/SimpleOpaqueDemo/SimpleOpaqueDemoProcess" xmlns="http://schemas.xmlsoap.org/ws/2003/03/business-process/" xmlns:client="http://xmlns.oracle.com/AttachmentContentApp/SimpleOpaqueDemo/SimpleOpaqueDemoProcess" xmlns:ora="http://schemas.oracle.com/xpath/extension" xmlns:bpws="http://schemas.xmlsoap.org/ws/2003/03/business-process/" xmlns:ns1="http://xmlns.oracle.com/pcbpel/adapter/file/AttachmentContentApp/SimpleOpaqueDemo/ReadBinaryData" xmlns:bpelx="http://schemas.oracle.com/bpel/extension" xmlns:ns2="http://xmlns.oracle.com/pcbpel/adapter/file/AttachmentContentApp/SimpleOpaqueDemo/WriteBinaryData" xmlns:ns3="http://xmlns.oracle.com/pcbpel/adapter/opaque/" xmlns:ns4="http://xmlns.oracle.com/pcbpel/adapter/file/attachment/" xmlns:ns5="http://xmlns.oracle.com/attachment" xmlns:bpel2="http://docs.oasis-open.org/wsbpel/2.0/process/executable" id="BpPrc0">

  <!-- 
    ////////////////////////////////////////////////////////////////////////////////////////////////////////////////////////////////////////////////////////
     ORCHESTRATION LOGIC                                               
     Set of activities coordinating the flow of messages across the    
     services integrated within this business process                  
    ////////////////////////////////////////////////////////////////////////////////////////////////////////////////////////////////////////////////////////
  -->
  <partnerLinks>
    <partnerLink name="ReadBinaryData" partnerLinkType="ns1:Read_plt" myRole="Read_role"/>
    <partnerLink name="WriteBinaryData" partnerLinkType="ns2:Write_plt" partnerRole="Write_role"/>
  </partnerLinks>
  <variables>
    <variable name="Receive1_Read_InputVariable" messageType="ns1:Read_msg"/>
    <variable name="Invoke1_Write_InputVariable" messageType="ns2:Write_msg"/>
  </variables>
  <sequence name="main" id="BpSeq0">
    <receive name="Receive1" createInstance="yes" variable="Receive1_Read_InputVariable" partnerLink="ReadBinaryData" portType="ns1:Read_ptt" operation="Read" id="BpRcv0"/>
    <assign name="Assign1" id="BpAss0">
      <copy>
        <from variable="Receive1_Read_InputVariable" part="attach" query="/ns4:attachmentElement"/>
        <to variable="Invoke1_Write_InputVariable" part="body" query="/ns5:attach"/>
      </copy>
      <copy>
        <from variable="Receive1_Read_InputVariable" part="attach" query="/ns4:attachmentElement/@href"/>
        <to variable="Invoke1_Write_InputVariable" part="body" query="/ns5:attach/@href"/>
      </copy>
    </assign>
    <invoke name="Invoke1" inputVariable="Invoke1_Write_InputVariable" partnerLink="WriteBinaryData" portType="ns2:Write_ptt" operation="Write" bpelx:invokeAsDetail="no" id="BpInv0"/>
  </sequence>
</process><!--
////////////////////////////////////////////////////////////////////////////////////////////////////////////////////////////////////////////////////////
  Oracle JDeveloper BPEL Designer 
  
  Created: Thu Nov 17 13:42:10 PST 2011
  Author:  ramkmeno
  Type: BPEL 1.1 Process
  Purpose: Empty BPEL Process
////////////////////////////////////////////////////////////////////////////////////////////////////////////////////////////////////////////////////////
-->