<?xml version="1.0" encoding="windows-1252" ?>
<adfc-config xmlns="http://xmlns.oracle.com/adf/controller" version="1.2">
  <url-view id="urlView1">
    <url id="__42">/portal/faces/homepage</url>
    <url-parameter id="__40">
      <name id="__39">widgetType</name>
      <value id="__41">CHNP</value>
    </url-parameter>
  </url-view>
  <url-view id="urlView2">
    <url>/portal/faces/homepage</url>
  </url-view>
  <control-flow-rule id="__43">
    <from-activity-id id="__44">*</from-activity-id>
    <control-flow-case id="__46">
      <from-outcome id="__47">CHNP</from-outcome>
      <to-activity-id id="__45">urlView1</to-activity-id>
    </control-flow-case>
    <control-flow-case id="__2">
      <from-outcome id="__3">myipros</from-outcome>
      <to-activity-id id="__1">urlView2</to-activity-id>
    </control-flow-case>
  </control-flow-rule>
</adfc-config>
