<?xml version="1.0" encoding="windows-1252"?>
<faces-config version="1.2" xmlns="http://java.sun.com/xml/ns/javaee">
  <application>
    <default-render-kit-id>oracle.adf.rich</default-render-kit-id>
    <!--view-handler>oracle.webcenter.portalframework.sitestructure.handler.CustomViewHandler</view-handler-->
    <view-handler>au.com.entitysolutions.portal.view.EntityCustomViewHandler</view-handler>
  </application>
  <lifecycle>
    <phase-listener>au.com.entitysolutions.portal.CacheControlPhaseListener</phase-listener>
    <phase-listener>oracle.webcenter.skin.view.SkinPhaseListener</phase-listener>
  </lifecycle>
  <managed-bean>
    <managed-bean-name>preferenceBean</managed-bean-name>
    <managed-bean-class>oracle.webcenter.portalframework.sitestructure.preference.PortalPreferences</managed-bean-class>
    <managed-bean-scope>application</managed-bean-scope>
  </managed-bean>
  <navigation-rule>
    <from-view-id>*</from-view-id>
    <navigation-case>
      <from-outcome>login_success</from-outcome>
      <to-view-id>/homepage</to-view-id>
      <redirect/>
    </navigation-case>
  </navigation-rule>
  <!--managed-bean>
    <managed-bean-name>customNavigation</managed-bean-name>
    <managed-bean-class>au.com.entitysolutions.portal.view.EntityCustomNavigationHandler</managed-bean-class>
    <managed-bean-scope>request</managed-bean-scope>
  </managed-bean-->
</faces-config>
