<?xml version="1.0" encoding="UTF-8" ?>
<!-- Generated by Oracle SOA Modeler version 1.0 at [5/10/13 3:00 PM]. -->
<composite name="IProExpenses"
           revision="1.0"
           label="2013-05-10_15-00-39_589"
           mode="active"
           state="on"
           xmlns="http://xmlns.oracle.com/sca/1.0"
           xmlns:xs="http://www.w3.org/2001/XMLSchema"
           xmlns:wsp="http://schemas.xmlsoap.org/ws/2004/09/policy"
           xmlns:orawsp="http://schemas.oracle.com/ws/2006/01/policy"
           xmlns:ui="http://xmlns.oracle.com/soa/designer/">
  <import namespace="http://xmlns.oracle.com/bpel/workflow/taskService"
          location="oramds:/soa/shared/workflow/TaskServiceInterface.wsdl"
          importType="wsdl"/>
  <import namespace="http://xmlns.oracle.com/pcbpel/adapter/file/EntityBPMPOC/IProExpenses/MessageWriter"
          location="MessageWriter.wsdl" importType="wsdl"/>
  <component name="NewHelloWorldTest">
    <implementation.bpmn src="processes/NewHelloWorldTest.bpmn"/>
    <property name="bpel.config.oneWayDeliveryPolicy" type="xs:string"
              many="false">sync</property>
    <property name="bpel.config.transaction" type="xs:string" many="false">required</property>
  </component>
  <component name="SayHello">
    <implementation.workflow src="SayHello.task"/>
  </component>
  <reference name="MessageWriter" ui:wsdlLocation="MessageWriter.wsdl">
    <interface.wsdl interface="http://xmlns.oracle.com/pcbpel/adapter/file/EntityBPMPOC/IProExpenses/MessageWriter#wsdl.interface(Write_ptt)"/>
    <binding.jca config="MessageWriter_file.jca"/>
  </reference>
  <wire>
    <source.uri>NewHelloWorldTest/Services.Externals.MessageWriter.reference</source.uri>
    <target.uri>MessageWriter</target.uri>
  </wire>
  <wire>
    <source.uri>NewHelloWorldTest/HumanTasks.SayHello.reference</source.uri>
    <target.uri>SayHello/TaskService</target.uri>
  </wire>
</composite>
