<?xml version="1.0" encoding="UTF-8" standalone="yes"?>
<?oracleBPM version="11.1.1" fileRevision="20100611"?>
<processDocumentation xmlns="http://xmlns.oracle.com/bpm/taskMetadataService/processDocumentation">
    <component name="NewHelloWorldTest">
        <topicDocumentations>
            <topicDocumentation name="NewHelloWorldTest">
                <labels>
                    <label locale="en">NewHelloWorldTest</label>
                </labels>
                <descriptions>
                    <description locale="en">NewHelloWorldTest</description>
                </descriptions>
            </topicDocumentation>
            <topicDocumentation name="activity0">
                <labels>
                    <label locale="en">UserTask</label>
                </labels>
                <descriptions>
                    <description locale="en"></description>
                </descriptions>
            </topicDocumentation>
            <topicDocumentation name="activity1">
                <labels>
                    <label locale="en">WriteMessage</label>
                </labels>
                <descriptions>
                    <description locale="en"></description>
                </descriptions>
            </topicDocumentation>
            <topicDocumentation name="startEvent0">
                <labels>
                    <label locale="en">Start</label>
                </labels>
            </topicDocumentation>
            <topicDocumentation name="endEvent0">
                <labels>
                    <label locale="en">End</label>
                </labels>
            </topicDocumentation>
            <topicDocumentation name="sf7"/>
            <topicDocumentation name="sf9"/>
            <topicDocumentation name="sf12"/>
        </topicDocumentations>
    </component>
</processDocumentation>