<?xml version="1.0" encoding="UTF-8" standalone="yes"?>
<?oracleBPM version="11.1.1" fileRevision="20090820"?>
<ns1:organization xmlns:ns2="http://xmlns.oracle.com/bpm/lpg/peopleQuery" xmlns:ns1="http://xmlns.oracle.com/bpm/organization" xmlns:ns4="http://xmlns.oracle.com/bpel/workflow/task" xmlns:ns3="http://xmlns.oracle.com/bpel/workflow/taskQuery" xmlns:ns5="http://xmlns.oracle.com/bpm/identity">
    <ns1:organizationalUnits/>
    <ns1:applicationRoles>
        <ns1:applicationRole isProcessRole="false" id="IProExpenses.ProcessOwner">
            <ns5:name>IProExpenses.ProcessOwner</ns5:name>
            <ns1:member type="USER">
                <ns1:name>stewart</ns1:name>
            </ns1:member>
            <ns1:member type="USER">
                <ns1:name>weblogic</ns1:name>
            </ns1:member>
            <ns1:processRole name="Process Owner" id="ProcessOwner"/>
        </ns1:applicationRole>
        <ns1:applicationRole isProcessRole="false" id="Role">
            <ns5:name>Role</ns5:name>
            <ns1:member type="USER">
                <ns1:name>weblogic</ns1:name>
            </ns1:member>
            <ns1:member type="GROUP">
                <ns1:name>Administrators</ns1:name>
            </ns1:member>
            <ns1:member type="APPROLE">
                <ns1:applicationContext>OracleBPMProcessRolesApp</ns1:applicationContext>
                <ns1:name>IProExpenses.ProcessOwner</ns1:name>
            </ns1:member>
            <ns1:processRole name="IProConsultant" id="Role"/>
        </ns1:applicationRole>
        <ns1:applicationRole isProcessRole="true" id="IProManager">
            <ns5:name>IProManager</ns5:name>
            <ns1:member type="USER">
                <ns1:name>weblogic</ns1:name>
            </ns1:member>
            <ns1:member type="USER">
                <ns1:name>stewart</ns1:name>
            </ns1:member>
            <ns1:processRole name="IProManager" id="IProManager"/>
        </ns1:applicationRole>
        <ns1:applicationRole isProcessRole="false" id="IProExpenses.B&amp;RConsultant">
            <ns5:name>IProExpenses.B&amp;RConsultant</ns5:name>
            <ns1:processRole name="B&amp;RConsultant" id="B&amp;RConsultant"/>
        </ns1:applicationRole>
        <ns1:applicationRole isProcessRole="false" id="IProExpenses.ManagerOfCustomerExecutives">
            <ns5:name>IProExpenses.ManagerOfCustomerExecutives</ns5:name>
            <ns1:processRole name="ManagerOfCustomerExecutives" id="ManagerOfCustomerExecutives"/>
        </ns1:applicationRole>
        <ns1:applicationRole isProcessRole="false" id="IProExpenses.BRConsultant">
            <ns5:name>IProExpenses.BRConsultant</ns5:name>
            <ns1:processRole name="BRConsultant" id="BRConsultant"/>
        </ns1:applicationRole>
    </ns1:applicationRoles>
    <ns1:applicationRoleOrgUnitCalendarAssociations/>
    <ns1:holidayRules/>
    <ns1:calendarRules/>
</ns1:organization>