<?xml version="1.0" encoding="UTF-8" ?>
<!-- Generated by Oracle SOA Modeler version 1.0 at [10/12/11 5:14 PM]. -->
<composite name="SwADemo"
           revision="1.0"
           label="2011-10-12_17-14-28_047"
           mode="active"
           state="on"
           xmlns="http://xmlns.oracle.com/sca/1.0"
           xmlns:xs="http://www.w3.org/2001/XMLSchema"
           xmlns:wsp="http://schemas.xmlsoap.org/ws/2004/09/policy"
           xmlns:orawsp="http://schemas.oracle.com/ws/2006/01/policy"
           xmlns:ui="http://xmlns.oracle.com/soa/designer/">
  <import namespace="http://xmlns.oracle.com/AttachmentContentApp/SwADemo/SwAService"
          location="SwAService.wsdl" importType="wsdl"/>
  <import namespace="http://xmlns.oracle.com/pcbpel/adapter/file/AttachmentContentApp/SwADemo/WriteFileAttachment"
          location="WriteFileAttachment.wsdl" importType="wsdl"/>
  <service name="swaservice_client_ep" ui:wsdlLocation="SwAService.wsdl">
    <interface.wsdl interface="http://xmlns.oracle.com/AttachmentContentApp/SwADemo/SwAService#wsdl.interface(SwAService)"/>
    <binding.ws port="http://xmlns.oracle.com/AttachmentContentApp/SwADemo/SwAService#wsdl.endpoint(swaservice_client_ep/SwAService_pt)"/>
  </service>
  <component name="SwAService" version="1.1">
    <implementation.bpel src="SwAService.bpel"/>
  </component>
  <reference name="WriteFileAttachment"
             ui:wsdlLocation="WriteFileAttachment.wsdl">
    <interface.wsdl interface="http://xmlns.oracle.com/pcbpel/adapter/file/AttachmentContentApp/SwADemo/WriteFileAttachment#wsdl.interface(Write_ptt)"/>
    <binding.jca config="WriteFileAttachment_file.jca"/>
  </reference>
  <wire>
    <source.uri>swaservice_client_ep</source.uri>
    <target.uri>SwAService/swaservice_client</target.uri>
  </wire>
  <wire>
    <source.uri>SwAService/WriteFileAttachment</source.uri>
    <target.uri>WriteFileAttachment</target.uri>
  </wire>
</composite>
