<?xml version="1.0" encoding="UTF-8" ?>
<JavaBean xmlns="http://xmlns.oracle.com/adfm/beanmodel" version="11.1.1.60.13"
          id="EntityUCMDC" Package="au.com.entitysolutions.portal"
          BeanClass="au.com.entitysolutions.portal.EntityUCMDC"
          isJavaBased="false">
  <MethodAccessor IsCollection="true"
                  Type="au.com.entitysolutions.portal.EntityUCMDC.advancedSearch_return"
                  BeanClass="au.com.entitysolutions.portal.EntityUCMDC.advancedSearch_return"
                  id="advancedSearch" ReturnNodeName="Return"
                  CollectionBeanClass="Return">
    <ParameterInfo id="path" Type="java.lang.String" isStructured="false"/>
    <ParameterInfo id="isRecursive" Type="java.lang.Boolean"
                   isStructured="false"/>
    <ParameterInfo id="keyword" Type="java.lang.String" isStructured="false"/>
    <ParameterInfo id="namePattern" Type="java.lang.String"
                   isStructured="false"/>
    <ParameterInfo id="matchAny" Type="java.lang.Boolean" isStructured="false"/>
    <ParameterInfo id="predicates" Type="java.util.Collection"
                   isStructured="false"/>
    <ParameterInfo id="type" Type="java.lang.String" isStructured="false"/>
  </MethodAccessor>
  <MethodAccessor IsCollection="false"
                  Type="au.com.entitysolutions.portal.EntityUCMDC.getURI_return"
                  BeanClass="au.com.entitysolutions.portal.EntityUCMDC.getURI_return"
                  id="getURI" ReturnNodeName="Return">
    <ParameterInfo id="path" Type="java.lang.String" isStructured="false"/>
  </MethodAccessor>
  <MethodAccessor IsCollection="true"
                  Type="au.com.entitysolutions.portal.EntityUCMDC.search_return"
                  BeanClass="au.com.entitysolutions.portal.EntityUCMDC.search_return"
                  id="search" ReturnNodeName="Return"
                  CollectionBeanClass="Return">
    <ParameterInfo id="path" Type="java.lang.String" isStructured="false"/>
    <ParameterInfo id="isRecursive" Type="java.lang.Boolean"
                   isStructured="false"/>
    <ParameterInfo id="keyword" Type="java.lang.String" isStructured="false"/>
    <ParameterInfo id="namePattern" Type="java.lang.String"
                   isStructured="false"/>
  </MethodAccessor>
  <MethodAccessor IsCollection="true"
                  Type="au.com.entitysolutions.portal.EntityUCMDC.getItems_return"
                  BeanClass="au.com.entitysolutions.portal.EntityUCMDC.getItems_return"
                  id="getItems" ReturnNodeName="Return"
                  CollectionBeanClass="Return">
    <ParameterInfo id="path" Type="java.lang.String" isStructured="false"/>
    <ParameterInfo id="type" Type="java.lang.String" isStructured="false"/>
  </MethodAccessor>
  <MethodAccessor IsCollection="true"
                  Type="au.com.entitysolutions.portal.EntityUCMDC.getAttributes_return"
                  BeanClass="au.com.entitysolutions.portal.EntityUCMDC.getAttributes_return"
                  id="getAttributes" ReturnNodeName="Return"
                  CollectionBeanClass="Return">
    <ParameterInfo id="path" Type="java.lang.String" isStructured="false"/>
  </MethodAccessor>
</JavaBean>
