<?xml version="1.0" encoding="UTF-8" ?>
<!-- Generated by Oracle SOA Modeler version 1.0 at [10/12/11 3:24 PM]. -->
<composite name="MTOMDemoClient"
           revision="1.0"
           label="2011-10-12_15-24-12_023"
           mode="active"
           state="on"
           xmlns="http://xmlns.oracle.com/sca/1.0"
           xmlns:xs="http://www.w3.org/2001/XMLSchema"
           xmlns:wsp="http://schemas.xmlsoap.org/ws/2004/09/policy"
           xmlns:orawsp="http://schemas.oracle.com/ws/2006/01/policy"
           xmlns:ui="http://xmlns.oracle.com/soa/designer/">
  <import namespace="http://xmlns.oracle.com/pcbpel/adapter/file/AttachmentContentApp/MTOMDemoClient/FileReader"
          location="FileReader.wsdl" importType="wsdl"/>
  <import namespace="http://xmlns.oracle.com/AttachmentContentApp/MTOMDemo/MTOMDemoProcess"
          location="http://adc4110219.us.oracle.com:7001/soa-infra/services/default/MTOMDemo/MTOMDemoProcess.wsdl"
          importType="wsdl"/>
  <service name="FileReader" ui:wsdlLocation="FileReader.wsdl">
    <interface.wsdl interface="http://xmlns.oracle.com/pcbpel/adapter/file/AttachmentContentApp/MTOMDemoClient/FileReader#wsdl.interface(Read_ptt)"/>
    <binding.jca config="FileReader_file.jca"/>
  </service>
  <component name="MTOMDemoClientProcess" version="1.1">
    <implementation.bpel src="MTOMDemoClientProcess.bpel"/>
  </component>
  <reference name="MTOMDemoService"
             ui:wsdlLocation="http://adc4110219.us.oracle.com:7001/soa-infra/services/default/MTOMDemo/MTOMDemoProcess.wsdl">
    <interface.wsdl interface="http://xmlns.oracle.com/AttachmentContentApp/MTOMDemo/MTOMDemoProcess#wsdl.interface(MTOMDemoProcess)"/>
    <binding.ws port="http://xmlns.oracle.com/AttachmentContentApp/MTOMDemo/MTOMDemoProcess#wsdl.endpoint(mtomdemoprocess_client_ep/MTOMDemoProcess_pt)"
                location="http://144.25.142.112:7001/soa-infra/services/default/MTOMDemo/mtomdemoprocess_client_ep?WSDL" soapVersion="1.1">
      <wsp:PolicyReference URI="oracle/wsmtom_policy" orawsp:category="mtom"
                           orawsp:status="enabled"/>
      <property name="weblogic.wsee.wsat.transaction.flowOption"
                type="xs:string" many="false">WSDLDriven</property>
                
    </binding.ws>
  </reference>
  <wire>
    <source.uri>FileReader</source.uri>
    <target.uri>MTOMDemoClientProcess/FileReader</target.uri>
  </wire>
  <wire>
    <source.uri>MTOMDemoClientProcess/MTOMDemoService</source.uri>
    <target.uri>MTOMDemoService</target.uri>
  </wire>
</composite>
