<?xml version="1.0" encoding="UTF-8" ?>
<pageDefinition xmlns="http://xmlns.oracle.com/adfm/uimodel"
                version="11.1.1.60.13" id="pageTemplate_entityPageDef"
                Package="oracle.webcenter.portalapp.pagetemplates">
  <parameters/>
  <executables>
    <variableIterator id="variables"/>
    <taskFlow id="pagebreadcrumbdefinition1"
              taskFlowId="/oracle/webcenter/navigationtaskflows/view/pagebreadcrumb-definition.xml#pagebreadcrumb-definition"
              activation="deferred"
              xmlns="http://xmlns.oracle.com/adf/controller/binding">
      <parameters>
        <parameter id="navigationFile"
                   value="#{navigationContext.defaultNavigationModel}"/>
        <parameter id="showRoot" value="node"/>
        <parameter id="style" value="expanded"/>
      </parameters>
    </taskFlow>
  </executables>
  <bindings/>
</pageDefinition>
