<?xml version="1.0" encoding="UTF-8" ?>
<pageDefinition xmlns="http://xmlns.oracle.com/adfm/uimodel"
                version="11.1.1.60.13" id="pageTemplate_entity_widePageDef"
                Package="oracle.webcenter.portalapp.pagetemplates">
  <parameters/>
  <executables>
    <variableIterator id="variables"/>
    <taskFlow id="rsstaskflow1"
              taskFlowId="/WEB-INF/au/com/entitysolutions/taskflows/rss/view/rss-taskflow.xml#rss-taskflow"
              activation="deferred"
              xmlns="http://xmlns.oracle.com/adf/controller/binding"/>
    <taskFlow id="notificationwidgettaskflow1"
              taskFlowId="/WEB-INF/au/com/entitysolutions/taskflows/notification/view/notification-widget-taskflow.xml#notification-widget-taskflow"
              activation="deferred"
              xmlns="http://xmlns.oracle.com/adf/controller/binding"/>
    <taskFlow id="usertaskflowlistdefinition1"
              taskFlowId="/WEB-INF/au/com/entitysolutions/taskflows/usertaskflows/view/user-task-flow-list-definition.xml#user-task-flow-list-definition"
              activation="deferred"
              xmlns="http://xmlns.oracle.com/adf/controller/binding"/>
    <taskFlow id="mycontactstaskflowdefinition1"
              taskFlowId="/WEB-INF/au/com/entitysolutions/taskflows/corporate/mycontacts/my-contacts-task-flow-definition.xml#my-contacts-task-flow-definition"
              activation="deferred"
              xmlns="http://xmlns.oracle.com/adf/controller/binding">
      <parameters>
        <parameter id="personId" value="#{userSessionBean.personId}"/>
      </parameters>
    </taskFlow>
  </executables>
  <bindings/>
</pageDefinition>
