<?xml version="1.0" encoding="windows-1252" ?>
<catalogDefinition id="entity-default-catalog" visible="${true}"
                   xmlns="http://xmlns.oracle.com/adf/rcs/catalog">
  <contents xmlns="http://xmlns.oracle.com/adf/rcs/catalog">
    <includeCatalog catalogId="/oracle/webcenter/portalapp/catalogs/default-catalog.xml"
                    visible="#{true}" id="default-catalog" scope="/">
      <attributes>
        <attribute isKey="false" attributeId="Title" value="default-catalog"/>
      </attributes>
    </includeCatalog>
    <folder visible="#{true}" id="folder">
      <attributes>
        <attribute isKey="false" attributeId="Title" value="Entity Taskflows"/>
      </attributes>
      <contents>
        <url factoryClass="oracle.webcenter.portalframework.sitestructure.rc.TaskFlowResourceFactory"
             id="helpfeedback-flow-definition"
             name="helpfeedback-flow-definition"
             url="taskflow://WEB-INF/helpfeedback-flow-definition.xml#helpfeedback-flow-definition">
          <attributes>
            <attribute attributeId="Title" isKey="false"
                       value="Support: Help/Feedback"/>
          </attributes>
        </url>
      </contents>
    </folder>
  </contents>
  <schema resourceBundle="oracle.adf.rc.attribute.nls.AttributeBundle"
          xmlns="http://xmlns.oracle.com/adf/rcs/catalog">
    <descriptor searchable="true" labelKey="TITLE.PROMPT_KEY" multivalue="false"
                attributeId="Title" endUserVisible="true"
                shortLabelKey="TITLE.SHORT_PROMPT_KEY"
                xmlns="http://xmlns.oracle.com/adf/rcs/catalog"/>
    <descriptor searchable="true" labelKey="DESCRIPTION.PROMPT_KEY"
                multivalue="false" attributeId="Description"
                endUserVisible="true"
                shortLabelKey="DESCRIPTION.SHORT_PROMPT_KEY"
                xmlns="http://xmlns.oracle.com/adf/rcs/catalog"/>
    <descriptor searchable="true" labelKey="SUBJECT.PROMPT_KEY"
                multivalue="false" attributeId="Subject" endUserVisible="true"
                shortLabelKey="SUBJECT.SHORT_PROMPT_KEY"
                xmlns="http://xmlns.oracle.com/adf/rcs/catalog"/>
    <descriptor searchable="false" labelKey="TOOL_TIP.PROMPT_KEY"
                multivalue="false" attributeId="ToolTip" endUserVisible="true"
                shortLabelKey="TOOL_TIP.SHORT_PROMPT_KEY"
                xmlns="http://xmlns.oracle.com/adf/rcs/catalog"/>
    <descriptor searchable="false" labelKey="ICON_URI.PROMPT_KEY"
                multivalue="false" attributeId="IconURI" endUserVisible="false"
                shortLabelKey="ICON_URI.SHORT_PROMPT_KEY"
                xmlns="http://xmlns.oracle.com/adf/rcs/catalog"/>
  </schema>
</catalogDefinition>
