<?xml version="1.0" encoding="UTF-8"?>
<process name="MTOMDemoClientProcess" targetNamespace="http://xmlns.oracle.com/AttachmentContentApp/MTOMDemoClient/MTOMDemoClientProcess" xmlns="http://schemas.xmlsoap.org/ws/2003/03/business-process/" xmlns:client="http://xmlns.oracle.com/AttachmentContentApp/MTOMDemoClient/MTOMDemoClientProcess" xmlns:ora="http://schemas.oracle.com/xpath/extension" xmlns:bpws="http://schemas.xmlsoap.org/ws/2003/03/business-process/" xmlns:ns1="http://xmlns.oracle.com/pcbpel/adapter/file/AttachmentContentApp/MTOMDemoClient/FileReader" xmlns:bpelx="http://schemas.oracle.com/bpel/extension" xmlns:ns2="http://xmlns.oracle.com/AttachmentContentApp/MTOMDemo/MTOMDemoProcess" xmlns:ns3="http://xmlns.oracle.com/pcbpel/adapter/opaque/" id="BpPrc0">

  <!-- 
    ////////////////////////////////////////////////////////////////////////////////////////////////////////////////////////////////////////////////////////
     ORCHESTRATION LOGIC                                               
     Set of activities coordinating the flow of messages across the    
     services integrated within this business process                  
    ////////////////////////////////////////////////////////////////////////////////////////////////////////////////////////////////////////////////////////
  -->
  <partnerLinks>
    <partnerLink name="FileReader" partnerLinkType="ns1:Read_plt" myRole="Read_role"/>
    <partnerLink name="MTOMDemoService" partnerLinkType="ns2:MTOMDemoProcess" partnerRole="MTOMDemoProcessProvider"/>
  </partnerLinks>
  <variables>
    <variable name="Receive1_Read_InputVariable" messageType="ns1:Read_msg"/>
    <variable name="Invoke1_process_InputVariable" messageType="ns2:MTOMDemoProcessRequestMessage"/>
  </variables>
  <sequence name="main" id="BpSeq0">
    <receive name="Receive1" createInstance="yes" variable="Receive1_Read_InputVariable" partnerLink="FileReader" portType="ns1:Read_ptt" operation="Read" id="BpRcv0"/>
    <assign name="Assign1" id="BpAss0">
      <copy>
        <from variable="Receive1_Read_InputVariable" part="opaque" query="/ns3:opaqueElement"/>
        <to variable="Invoke1_process_InputVariable" part="payload" query="/ns2:process/ns2:input"/>
      </copy>
    </assign>
    <invoke name="Invoke1" bpelx:invokeAsDetail="no" inputVariable="Invoke1_process_InputVariable" partnerLink="MTOMDemoService" portType="ns2:MTOMDemoProcess" operation="process" id="BpInv0"/>
  </sequence>
</process><!--
////////////////////////////////////////////////////////////////////////////////////////////////////////////////////////////////////////////////////////
  Oracle JDeveloper BPEL Designer 
  
  Created: Wed Oct 12 15:24:45 PDT 2011
  Author:  ramkmeno
  Type: BPEL 1.1 Process
  Purpose: Empty BPEL Process
////////////////////////////////////////////////////////////////////////////////////////////////////////////////////////////////////////////////////////
-->