<?xml version="1.0" encoding="UTF-8" ?>
<pageDefinition xmlns="http://xmlns.oracle.com/adfm/uimodel"
                version="11.1.1.60.13" id="commonformsPageDef"
                Package="oracle.webcenter.portalapp.pages">
  <parameters>
    <parameter id="page_info"
               value="title=commonForms;desc=;keywords=;createdBy=weblogic;createDate=2012-02-07T16:25:15;lastUpdatedBy=weblogic;lastUpdateDate=2012-02-07T16:25:15;permissionClass=oracle.webcenter.security.auth.HierarchicalResourcePermission;target=serviceID=oracle.webcenter.page,scopeID=s8bba98ff_4cbb_40b8_beee_296c916a23ed,resourceID=/oracle/webcenter/portalapp/pages/commonForms.jspx;excluded=false;style="/>
    <parameter id="page_title" value="Common Forms"/>
    <parameter id="page_parent"
               value="/oracle/webcenter/portalapp/pagehierarchy/pages.xml"/>
  </parameters>
  <executables>
    <variableIterator id="variables"/>
    <page
          id="pageTemplateBinding" Refresh="ifNeeded"
          viewId="${preferenceBean.defaultPageTemplate}"/>
          <taskFlow id="pageeditorpanel"
              taskFlowId="#{pageEditorBean.pageEditorPanel}"
              xmlns="http://xmlns.oracle.com/adf/controller/binding"/>
    <methodIterator Binds="getItems.result" DataControl="EntityUCMDC"
                    RangeSize="25"
                    BeanClass="au.com.entitysolutions.portal.EntityUCMDC.getItems_return"
                    id="getItemsIterator" CacheResults="false"/>
  </executables>
  <bindings>
    <methodAction id="getItems" RequiresUpdateModel="true" Action="invokeMethod"
                  MethodName="getItems" IsViewObjectMethod="false"
                  DataControl="EntityUCMDC" InstanceName="EntityUCMDC"
                  ReturnName="data.EntityUCMDC.methodResults.getItems_EntityUCMDC_getItems_result">
      <NamedData NDName="path"
                 NDValue="/Contribution Folders/EntityCustomerPortal/Common Forms/"
                 NDType="java.lang.String"/>
      <NamedData NDName="type" NDValue="nt:file" NDType="java.lang.String"/>
    </methodAction>
    <tree IterBinding="getItemsIterator" id="Return">
      <nodeDefinition DefName="au.com.entitysolutions.portal.EntityUCMDC.getItems_return"
                      Name="Return0">
        <AttrNames>
          <Item Value="ID"/>
          <Item Value="name"/>
          <Item Value="path"/>
          <Item Value="URI"/>
          <Item Value="primaryType"/>
          <Item Value="icon16"/>
          <Item Value="icon32"/>
          <Item Value="title"/>
          <Item Value="docType"/>
          <Item Value="displayName"/>
          <Item Value="created"/>
          <Item Value="lastModified"/>
          <Item Value="owner"/>
          <Item Value="creator"/>
          <Item Value="lastModifier"/>
          <Item Value="mimeType"/>
          <Item Value="language"/>
          <Item Value="revisionLabel"/>
          <Item Value="isCheckedOut"/>
          <Item Value="releaseDate"/>
          <Item Value="expirationDate"/>
          <Item Value="status"/>
          <Item Value="securityGroup"/>
          <Item Value="account"/>
          <Item Value="publishState"/>
          <Item Value="releaseState"/>
          <Item Value="processingState"/>
          <Item Value="workflowState"/>
          <Item Value="comment"/>
          <Item Value="contentId"/>
        </AttrNames>
      </nodeDefinition>
    </tree>
  </bindings>
  <permission permissionClass="oracle.webcenter.security.auth.HierarchicalResourcePermission"
              target="serviceID=oracle.webcenter.page,scopeID=s8bba98ff_4cbb_40b8_beee_296c916a23ed,resourceID=/oracle/webcenter/portalapp/pages/commonForms.jspx"
              xmlns="http://xmlns.oracle.com/adf/security">
    <privilege-map operation="create" privilege="create"/>
    <privilege-map operation="delete" privilege="delete"/>
    <privilege-map operation="edit" privilege="update"/>
    <privilege-map operation="personalize" privilege="personalize"/>
    <privilege-map operation="view" privilege="view"/>
  </permission>
</pageDefinition>
