<?xml version="1.0" encoding="UTF-8" ?>
<pageDefinition xmlns="http://xmlns.oracle.com/adfm/uimodel"
                version="11.1.1.60.13" id="documentsPageDef"
                Package="oracle.webcenter.portalapp.pages">
  <parameters>
    <parameter id="page_parent"
               value="/oracle/webcenter/portalapp/pagehierarchy/pages.xml"/>
    <parameter id="page_info"
               value="title=documents;desc=;keywords=;createdBy=weblogic;createDate=2013-01-15T16:13:55;lastUpdatedBy=weblogic;lastUpdateDate=2013-01-15T16:13:55;permissionClass=oracle.webcenter.security.auth.HierarchicalResourcePermission;target=serviceID=oracle.webcenter.page,scopeID=s8bba98ff_4cbb_40b8_beee_296c916a23ed,resourceID=/oracle/webcenter/portalapp/pages/documents.jspx;excluded=false;style="/>
    <parameter id="page_title" value="documents"/>
  </parameters>
  <executables>
    <variableIterator id="variables"/>
    <page
          id="pageTemplateBinding" Refresh="ifNeeded"
          viewId="${preferenceBean.defaultPageTemplate}"/>
    <taskFlow id="pageeditorpanel"
              taskFlowId="#{pageEditorBean.pageEditorPanel}"
              xmlns="http://xmlns.oracle.com/adf/controller/binding"/>
    <taskFlow id="doclibfolderviewer1"
              taskFlowId="/oracle/webcenter/doclib/view/jsf/taskflows/folderViewer/folderView.xml#doclib-folder-viewer"
              activation="deferred"
              xmlns="http://xmlns.oracle.com/adf/controller/binding">
      <parameters>
        <parameter id="connectionName" value="${''}"/>
        <parameter id="startFolderPath"
                   value="#{'/Contribution Folders/EntityCustomerPortal/User Documents/'}#{userSessionBean.userName}"/>
        <parameter id="resourceId" value="${''}"/>
        <parameter id="readOnly" value="${true}"/>
        <parameter id="featuresOff" value="${''}"/>
      </parameters>
    </taskFlow>
  </executables>
  <bindings/>
  <permission permissionClass="oracle.webcenter.security.auth.HierarchicalResourcePermission"
              target="serviceID=oracle.webcenter.page,scopeID=s8bba98ff_4cbb_40b8_beee_296c916a23ed,resourceID=/oracle/webcenter/portalapp/pages/documents.jspx"
              xmlns="http://xmlns.oracle.com/adf/security">
    <privilege-map operation="create" privilege="create"/>
    <privilege-map operation="delete" privilege="delete"/>
    <privilege-map operation="edit" privilege="update"/>
    <privilege-map operation="personalize" privilege="personalize"/>
    <privilege-map operation="view" privilege="view"/>
  </permission>
</pageDefinition>
