<?xml version="1.0" encoding="UTF-8" ?>
<pageDefinition xmlns="http://xmlns.oracle.com/adfm/uimodel"
                version="11.1.1.60.13" id="fileUploaderPageDef"
                Package="oracle.webcenter.portalapp.pages">
  <parameters>
    <parameter id="page_parent"
               value="/oracle/webcenter/portalapp/pagehierarchy/pages.xml"/>
    <parameter id="page_info"
               value="title=File Uploader;desc=;keywords=;createdBy=weblogic;createDate=2012-02-13T10:06:45;lastUpdatedBy=weblogic;lastUpdateDate=2012-02-13T10:08:22;permissionClass=oracle.webcenter.security.auth.HierarchicalResourcePermission;target=serviceID=oracle.webcenter.page,scopeID=s8bba98ff_4cbb_40b8_beee_296c916a23ed,resourceID=/oracle/webcenter/portalapp/pages/fileUploader.jspx;excluded=false;style="/>
    <parameter id="page_title" value="File Uploader"/>
  </parameters>
  <executables>
    <variableIterator id="variables"/>
    <page
          id="pageTemplateBinding" Refresh="ifNeeded"
          viewId="${preferenceBean.defaultPageTemplate}"/>
          <taskFlow id="pageeditorpanel"
              taskFlowId="#{pageEditorBean.pageEditorPanel}"
              xmlns="http://xmlns.oracle.com/adf/controller/binding"/>
    <taskFlow id="fileuploaderdefinition1"
              taskFlowId="/WEB-INF/au/com/entitysolutions/taskflows/fileuploader/view/file-uploader-definition.xml#file-uploader-definition"
              activation="deferred"
              xmlns="http://xmlns.oracle.com/adf/controller/binding"/>
  </executables>
  <bindings/>
  <permission permissionClass="oracle.webcenter.security.auth.HierarchicalResourcePermission"
              target="serviceID=oracle.webcenter.page,scopeID=s8bba98ff_4cbb_40b8_beee_296c916a23ed,resourceID=/oracle/webcenter/portalapp/pages/fileUploader.jspx"
              xmlns="http://xmlns.oracle.com/adf/security">
    <privilege-map operation="create" privilege="create"/>
    <privilege-map operation="delete" privilege="delete"/>
    <privilege-map operation="edit" privilege="update"/>
    <privilege-map operation="personalize" privilege="personalize"/>
    <privilege-map operation="view" privilege="view"/>
  </permission>
</pageDefinition>
