<?xml version="1.0" encoding="UTF-8" ?>
<pageDefinition xmlns="http://xmlns.oracle.com/adfm/uimodel"
                version="11.1.1.60.13" id="iproSignupHomePageDef"
                Package="oracle.webcenter.portalapp.pages">
  <parameters>
    <parameter id="page_parent"
               value="/oracle/webcenter/portalapp/pagehierarchy/pages.xml"/>
    <parameter id="page_info"
               value="title=Home;desc=;keywords=;createdBy=weblogic;createDate=2011-07-06T15:37:58;lastUpdatedBy=weblogic;lastUpdateDate=2011-07-07T15:03:17;permissionClass=oracle.webcenter.security.auth.HierarchicalResourcePermission;target=serviceID=oracle.webcenter.page,scopeID=s8bba98ff_4cbb_40b8_beee_296c916a23ed,resourceID=/oracle/webcenter/portalapp/pages/iproSignupHome.jspx;excluded=false;style="/>
    <parameter id="page_title" value="Home"/>
  </parameters>
  <executables>
    <variableIterator id="variables"/>
    <page viewId="${preferenceBean.defaultPageTemplate}"
          id="pageTemplateBinding" Refresh="ifNeeded"/>
    <taskFlow id="pageeditorpanel"
              taskFlowId="#{pageEditorBean.pageEditorPanel}"
              xmlns="http://xmlns.oracle.com/adf/controller/binding"/>
    <taskFlow id="signuptaskflow1"
              taskFlowId="/WEB-INF/au/com/entitysolutions/taskflows/train/signup/view/sign-up-task-flow.xml#sign-up-task-flow"
              xmlns="http://xmlns.oracle.com/adf/controller/binding"/>
    <taskFlow id="landingprelogintaskflow1"
              taskFlowId="/WEB-INF/au/com/entitysolutions/taskflows/landing/landing-prelogin-taskflow.xml#landing-prelogin-taskflow"
              activation="deferred"
              xmlns="http://xmlns.oracle.com/adf/controller/binding">
      <parameters>
        <parameter id="widgetType" value="#{param.widgetType}"/>
        <parameter id="widgetId" value="#{param.widgetId}"/>
      </parameters>
    </taskFlow>
  </executables>
  <bindings/>
  <permission permissionClass="oracle.webcenter.security.auth.HierarchicalResourcePermission"
              target="serviceID=oracle.webcenter.page,scopeID=s8bba98ff_4cbb_40b8_beee_296c916a23ed,resourceID=/oracle/webcenter/portalapp/pages/iproSignupHome.jspx"
              xmlns="http://xmlns.oracle.com/adf/security">
    <privilege-map operation="create" privilege="create"/>
    <privilege-map operation="delete" privilege="delete"/>
    <privilege-map operation="edit" privilege="update"/>
    <privilege-map operation="personalize" privilege="personalize"/>
    <privilege-map operation="view" privilege="view"/>
  </permission>
</pageDefinition>
