<?xml version="1.0" encoding="US-ASCII" ?>
<navigationDefinition description="entity Navigation" 
               id="entity-navigation-model"
               name="Entity Navigation"
               xmlns="http://xmlns.oracle.com/adf/rcs/catalog" visible="#{true}"
                      definitionFilter="">
  <contents>
    <customFolder id="pages"
                  factoryClass="oracle.webcenter.page.view.rc.PageServiceContextFactory"
                  visible="true" insertFolderContents="true">
      <attributes>
        <attribute value="Page Hierarchy" attributeId="Title" isKey="false"/>
        <attribute value="/adf/webcenter/pagegroup_qualifier.png"
                   attributeId="IconURI"/>
      </attributes>
      <parameters>
        <parameter id="path">/oracle/webcenter/portalapp/pagehierarchy/pages.xml</parameter>
        <parameter id="visibility">visible</parameter>
      </parameters>
    </customFolder>
    <url visible="#{true}" id="home"
         factoryClass="oracle.webcenter.portalframework.sitestructure.rc.AdfPageResourceFactory"
         url="page://oracle/webcenter/portalapp/pages/home.jspx">
      <attributes>
        <attribute value="Home" isKey="false" attributeId="Title"/>
      </attributes>
    </url>
    <folder id="folder55"
            visible="#{securityContext.userInRole['TemporaryIProPortalUser']}">
      <attributes>
        <attribute isKey="false" value="Home" attributeId="Title"/>
      </attributes>
      <contents>
        <url visible="#{true}" id="iproSignupHome"
             factoryClass="oracle.webcenter.portalframework.sitestructure.rc.AdfPageResourceFactory"
             url="page://oracle/webcenter/portalapp/pages/iproSignupHome.jspx">
          <attributes>
            <attribute value="Home" isKey="false" attributeId="Title"/>
          </attributes>
          <parameters/>
          <contents/>
        </url>
        <url id="whatsnew" visible="#{true}"
             factoryClass="oracle.webcenter.portalframework.sitestructure.rc.AdfPageResourceFactory"
             url="page://oracle/webcenter/portalapp/pages/whatsnew.jspx">
          <attributes>
            <attribute attributeId="Title" value="What's New" isKey="false"/>
            <attribute attributeId="Redirect" value="false" isKey="false"/>
          </attributes>
        </url>
      </contents>
    </folder>
    <url id="profile" visible="#{true}"
         factoryClass="oracle.webcenter.portalframework.sitestructure.rc.AdfPageResourceFactory"
         url="page://oracle/webcenter/portalapp/pages/profile.jspx">
      <attributes>
        <attribute attributeId="Title" value="My Profile" isKey="false"/>
      </attributes>
    </url>
    <url visible="#{true}"
         factoryClass="oracle.webcenter.portalframework.sitestructure.rc.AdfPageResourceFactory"
         id="documents"
         url="page://oracle/webcenter/portalapp/pages/documents.jspx">
      <attributes>
        <attribute attributeId="Title" value="My Documents" isKey="false"/>
      </attributes>
    </url>
    <folder id="folder3"
            visible="#{securityContext.userInRole['TemporaryIProPortalUser']}">
      <attributes>
        <attribute isKey="false" value="My Payslips" attributeId="Title"/>
      </attributes>
      <contents>
        <url visible="#{true}"
             factoryClass="oracle.webcenter.portalframework.sitestructure.rc.AdfPageResourceFactory"
             id="Payslips"
             url="page://oracle/webcenter/portalapp/pages/payslips.jspx">
          <attributes>
            <attribute isKey="false" attributeId="Title"
                       value="Recent Payslips"/>
          </attributes>
          <contents/>
        </url>
        <url factoryClass="oracle.webcenter.portalframework.sitestructure.rc.AdfPageResourceFactory"
             visible="#{true}" id="mtytd"
             url="page://oracle/webcenter/portalapp/pages/iproytd.jspx">
          <attributes>
            <attribute value="Year to Dates " isKey="false"
                       attributeId="Title"/>
          </attributes>
        </url>
      </contents>
    </folder>
    <folder id="Forms"
            visible="#{securityContext.userInRole['TemporaryIProPortalUser']}">
      <attributes>
        <attribute attributeId="Title" value="Forms" isKey="false"/>
      </attributes>
      <contents>
        <url visible="#{true}" id="commonforms"
             factoryClass="oracle.webcenter.portalframework.sitestructure.rc.AdfPageResourceFactory"
             url="page://oracle/webcenter/portalapp/pages/commonForms.jspx">
          <attributes>
            <attribute attributeId="Title" value="Download Forms"
                       isKey="false"/>
          </attributes>
        </url>
        <url visible="#{true}"
             factoryClass="oracle.webcenter.portalframework.sitestructure.rc.AdfPageResourceFactory"
             id="fileUploader"
             url="page://oracle/webcenter/portalapp/pages/fileUploader.jspx">
          <attributes>
            <attribute isKey="false" attributeId="Title" value="Submit Forms"/>
          </attributes>
        </url>
      </contents>
    </folder>
    <url id="expenseClaim"
         factoryClass="oracle.webcenter.portalframework.sitestructure.rc.AdfPageResourceFactory"
         visible="#{true}"
         url="page://oracle/webcenter/portalapp/pages/expenseClaim.jspx">
      <attributes>
        <attribute attributeId="Title" isKey="false" value="Submit Expenses"/>
      </attributes>
    </url>
    <folder visible="#{false}" id="folder">
      <attributes>
        <attribute attributeId="Title" isKey="false" value="Support"/>
      </attributes>
      <contents>
        <url visible="#{false}" id="supportHelpFeedback"
             factoryClass="oracle.webcenter.portalframework.sitestructure.rc.AdfPageResourceFactory"
             url="page://oracle/webcenter/portalapp/pages/supportHelpFeedback.jspx">
          <attributes>
            <attribute attributeId="Title" isKey="false"
                       value="Help/Feedback"/>
          </attributes>
        </url>
        <url visible="#{false}" id="supportChangePassword"
             factoryClass="oracle.webcenter.portalframework.sitestructure.rc.AdfPageResourceFactory"
             url="page://oracle/webcenter/portalapp/pages/supportChangePassword.jspx">
          <attributes>
            <attribute attributeId="Title" isKey="false"
                       value="Change Password"/>
            <attribute value="changePassword" isKey="false" attributeId="ExternalId"/>
          </attributes>
        </url>
      </contents>
    </folder>
    <url id="contentItem" visible="#{false}"
         factoryClass="oracle.webcenter.portalframework.sitestructure.rc.AdfPageResourceFactory"
         url="page://oracle/webcenter/portalapp/pages/widgets.jspx">
      <attributes>
        <attribute isKey="false" attributeId="Title" value="Widgets"/>
      </attributes>
    </url>
    <url id="contactus"
         factoryClass="oracle.webcenter.portalframework.sitestructure.rc.AdfPageResourceFactory"
         url="page://oracle/webcenter/portalapp/pages/contactUs.jspx"
         visible="#{true}">
      <attributes>
        <attribute attributeId="Title" value="Contact Us" isKey="false"/>
      </attributes>
      <contents/>
    </url>
    <url visible="#{true}"
         factoryClass="oracle.webcenter.portalframework.sitestructure.rc.AdfPageResourceFactory"
         id="corp_home"
         url="page://oracle/webcenter/portalapp/pages/corporate/home.jspx">
      <attributes>
        <attribute attributeId="Title" value="Home" isKey="false"/>
      </attributes>
    </url>
    <folder visible="#{securityContext.userInRole['GeneralCorporateUser']}" id="myipros">
      <attributes>
        <attribute attributeId="Title" value="My IPros" isKey="false"/>
      </attributes>
      <contents>
        <url visible="#{true}" id="existingIpros"
             factoryClass="oracle.webcenter.portalframework.sitestructure.rc.AdfPageResourceFactory"
             url="page://oracle/webcenter/portalapp/pages/corporate/myipros.jspx">
          <attributes>
            <attribute attributeId="Title" value="Existing IPros"
                       isKey="false"/>
          </attributes>
        </url>
        <url visible="#{true}" id="newIpro"
             factoryClass="oracle.webcenter.portalframework.sitestructure.rc.AdfPageResourceFactory"
             url="page://oracle/webcenter/portalapp/pages/corporate/newIpro.jspx">
          <attributes>
            <attribute attributeId="Title" value="New IPro" isKey="false"/>
          </attributes>
        </url>
      </contents>
    </folder>
    <url visible="#{true}" id="mybillingsummary"
         factoryClass="oracle.webcenter.portalframework.sitestructure.rc.AdfPageResourceFactory"
         url="page://oracle/webcenter/portalapp/pages/corporate/mybillingsummary.jspx">
      <attributes>
        <attribute attributeId="Title" value="My Invoices"
                   isKey="false"/>
      </attributes>
    </url>
    <url factoryClass="oracle.webcenter.portalframework.sitestructure.rc.AdfPageResourceFactory"
         id="mycontracts" visible="#{true}"
         url="page://oracle/webcenter/portalapp/pages/corporate/mycontracts.jspx">
      <attributes>
        <attribute value="My Contracts" isKey="false" attributeId="Title"/>
      </attributes>
    </url>
    <url visible="#{true}"
         factoryClass="oracle.webcenter.portalframework.sitestructure.rc.AdfPageResourceFactory"
         id="corp_contactus"
         url="page://oracle/webcenter/portalapp/pages/corporate/contactus.jspx">
      <attributes>
        <attribute attributeId="Title" value="Contact Us" isKey="false"/>
      </attributes>
    </url>
  </contents>
  <schema resourceBundle="oracle.adf.rc.attribute.nls.AttributeBundle">
    <descriptor multivalue="false" shortLabelKey="TITLE.SHORT_PROMPT_KEY"
                labelKey="TITLE.PROMPT_KEY" attributeId="Title"
                searchable="true" endUserVisible="true"/>
    <descriptor multivalue="false" shortLabelKey="ACCESS_KEY.SHORT_PROMPT_KEY"
                labelKey="ACCESS_KEY.PROMPT_KEY" attributeId="AccessKey"
                searchable="true" endUserVisible="true"/>
    <descriptor multivalue="false" shortLabelKey="DESCRIPTION.SHORT_PROMPT_KEY"
                labelKey="DESCRIPTION.PROMPT_KEY" attributeId="Description"
                searchable="true" endUserVisible="true"/>
    <descriptor multivalue="false" shortLabelKey="ICON_URI.SHORT_PROMPT_KEY"
                labelKey="ICON_URI.PROMPT_KEY" attributeId="IconURI"
                searchable="true" endUserVisible="true"/>
    <descriptor multivalue="true" shortLabelKey="SUBJECT.SHORT_PROMPT_KEY"
                labelKey="SUBJECT.PROMPT_KEY" attributeId="Subject"
                searchable="true" endUserVisible="true"/>
    <descriptor multivalue="false"
                shortLabelKey="REDIRECT_FLAG.SHORT_PROMPT_KEY"
                labelKey="REDIRECT_FLAG.PROMPT_KEY" attributeId="Redirect"
                searchable="true" endUserVisible="true"/>
    <descriptor multivalue="false" shortLabelKey="TARGET_FRAME.SHORT_PROMPT_KEY"
                labelKey="TARGET_FRAME.PROMPT_KEY" attributeId="Target"
                searchable="true" endUserVisible="true"/>
    <descriptor multivalue="false" shortLabelKey="TOOL_TIP.SHORT_PROMPT_KEY"
                labelKey="TOOL_TIP.PROMPT_KEY" attributeId="ToolTip"
                searchable="true" endUserVisible="true"/>
    <descriptor multivalue="false" shortLabelKey="MODIFIED.SHORT_PROMPT_KEY"
                labelKey="MODIFIED.PROMPT_KEY" attributeId="Modified"
                searchable="true" endUserVisible="true"/>
    <descriptor multivalue="false"
                shortLabelKey="CHANGE_FREQUENCY.SHORT_PROMPT_KEY"
                labelKey="CHANGE_FREQUENCY.PROMPT_KEY"
                attributeId="ChangeFrequency" searchable="true"
                endUserVisible="true"/>
    <descriptor multivalue="false" shortLabelKey="SIGNIFICANCE.SHORT_PROMPT_KEY"
                labelKey="SIGNIFICANCE.PROMPT_KEY" attributeId="Significance"
                searchable="true" endUserVisible="true"/>
    <descriptor multivalue="false" shortLabelKey="EXTERNAL_ID"
                labelKey="EXTERNAL_ID" attributeId="ExternalId"
                searchable="true" endUserVisible="true"
                resourceBundle="oracle.webcenter.navigationeditor.view.resource.NavigationEditorBundle"/>
  </schema>
</navigationDefinition>
