<?xml version = '1.0' encoding = 'UTF-8'?>
<References xmlns="http://xmlns.oracle.com/adf/jndi">
   <Reference name="webcenter/CustomPortal" className="oracle.jdeveloper.db.adapter.DatabaseProvider" credentialStoreKey="webcenter/CustomPortal" xmlns="">
      <Factory className="oracle.jdeveloper.db.adapter.DatabaseProviderFactory"/>
      <RefAddresses>
         <StringRefAddr addrType="subtype">
            <Contents>oraJDBC</Contents>
         </StringRefAddr>
         <StringRefAddr addrType="port">
            <Contents>1522</Contents>
         </StringRefAddr>
         <StringRefAddr addrType="hostname">
            <Contents>10.0.3.3</Contents>
         </StringRefAddr>
         <StringRefAddr addrType="user">
            <Contents>DEVPS4_WEBCENTER</Contents>
         </StringRefAddr>
         <SecureRefAddr addrType="password"/>
         <StringRefAddr addrType="serviceName">
            <Contents>DEV</Contents>
         </StringRefAddr>
         <StringRefAddr addrType="DeployPassword">
            <Contents>true</Contents>
         </StringRefAddr>
         <StringRefAddr addrType="oraDriverType">
            <Contents>thin</Contents>
         </StringRefAddr>
      </RefAddresses>
   </Reference>
   <Reference name="PerciSys" className="oracle.jdeveloper.db.adapter.DatabaseProvider" partial="true" manageInOracleEnterpriseManager="true" deployable="true" xmlns="">
      <Factory className="oracle.jdeveloper.db.adapter.DatabaseProviderFactory"/>
      <RefAddresses>
         <StringRefAddr addrType="sid">
            <Contents>DIABLO</Contents>
         </StringRefAddr>
         <StringRefAddr addrType="oraDriverType">
            <Contents>thin</Contents>
         </StringRefAddr>
         <StringRefAddr addrType="port">
            <Contents>1521</Contents>
         </StringRefAddr>
         <StringRefAddr addrType="DeployPassword">
            <Contents>true</Contents>
         </StringRefAddr>
         <StringRefAddr addrType="user">
            <Contents>PERCI_TEST</Contents>
         </StringRefAddr>
         <StringRefAddr addrType="role">
            <Contents>SYSDBA</Contents>
         </StringRefAddr>
         <StringRefAddr addrType="subtype">
            <Contents>oraJDBC</Contents>
         </StringRefAddr>
         <StringRefAddr addrType="hostname">
            <Contents>10.0.3.131</Contents>
         </StringRefAddr>
      </RefAddresses>
   </Reference>
   <Reference name="Connection1" className="oracle.jdeveloper.db.adapter.DatabaseProvider" partial="true" manageInOracleEnterpriseManager="true" deployable="true" xmlns="">
      <Factory className="oracle.jdeveloper.db.adapter.DatabaseProviderFactory"/>
      <RefAddresses>
         <StringRefAddr addrType="sid">
            <Contents>DIABLO</Contents>
         </StringRefAddr>
         <StringRefAddr addrType="subtype">
            <Contents>oraJDBC</Contents>
         </StringRefAddr>
         <StringRefAddr addrType="port">
            <Contents>1521</Contents>
         </StringRefAddr>
         <StringRefAddr addrType="hostname">
            <Contents>10.0.3.131</Contents>
         </StringRefAddr>
         <StringRefAddr addrType="user">
            <Contents>PERCI_PORTAL</Contents>
         </StringRefAddr>
         <StringRefAddr addrType="DeployPassword">
            <Contents>true</Contents>
         </StringRefAddr>
         <StringRefAddr addrType="oraDriverType">
            <Contents>thin</Contents>
         </StringRefAddr>
      </RefAddresses>
   </Reference>
   <Reference name="EntityUCM" className="oracle.vcr.jam.JamRepository" xmlns="">
      <Factory className="oracle.vcr.jam.JamRepositoryFactory"/>
      <RefAddresses>
         <StringRefAddr addrType="oracle.vcr.jam.factoryClassName">
            <Contents>oracle.jcr.OracleRepositoryFactory</Contents>
         </StringRefAddr>
         <StringRefAddr addrType="oracle.vcr.jam.repositoryClassName">
            <Contents>javax.jcr.Repository</Contents>
         </StringRefAddr>
         <StringRefAddr addrType="oracle.vcr.jam.repositoryTypeID">
            <Contents>oracle.stellent.jcr</Contents>
         </StringRefAddr>
         <StringRefAddr addrType="oracle.vcr.jam.authenticationMethod">
            <Contents>IDENTITY_PROPAGATION</Contents>
         </StringRefAddr>
         <StringRefAddr addrType="oracle.jcr.framework.version">
            <Contents>11.1.0.0.0</Contents>
         </StringRefAddr>
         <StringRefAddr addrType="oracle.jcr.configuration.className">
            <Contents>oracle.stellent.jcr.IdcRepositoryConfiguration</Contents>
         </StringRefAddr>
         <StringRefAddr addrType="oracle.jcr.configuration.factoryClassName">
            <Contents>oracle.stellent.jcr.IdcRepositoryConfigurationFactory</Contents>
         </StringRefAddr>
         <StringRefAddr addrType="jcr.repository.version">
            <Contents>10.1.3.2.0</Contents>
         </StringRefAddr>
         <StringRefAddr addrType="oracle.stellent.jcr.configuration.cis.config.socket.type">
            <Contents>socket</Contents>
         </StringRefAddr>
         <StringRefAddr addrType="oracle.stellent.jcr.configuration.server.host">
            <Contents>10.0.3.26</Contents>
         </StringRefAddr>
         <StringRefAddr addrType="oracle.stellent.jcr.configuration.server.port">
            <Contents>4444</Contents>
         </StringRefAddr>
      </RefAddresses>
   </Reference>
   <Reference name="PerciDev" className="oracle.jdeveloper.db.adapter.DatabaseProvider" credentialStoreKey="PerciDev" xmlns="">
      <Factory className="oracle.jdeveloper.db.adapter.DatabaseProviderFactory"/>
      <RefAddresses>
         <StringRefAddr addrType="sid">
            <Contents>DEV</Contents>
         </StringRefAddr>
         <StringRefAddr addrType="subtype">
            <Contents>oraJDBC</Contents>
         </StringRefAddr>
         <StringRefAddr addrType="port">
            <Contents>1522</Contents>
         </StringRefAddr>
         <StringRefAddr addrType="hostname">
            <Contents>10.0.3.88</Contents>
         </StringRefAddr>
         <StringRefAddr addrType="user">
            <Contents>PERCI_TST</Contents>
         </StringRefAddr>
         <SecureRefAddr addrType="password"/>
         <StringRefAddr addrType="DeployPassword">
            <Contents>true</Contents>
         </StringRefAddr>
         <StringRefAddr addrType="oraDriverType">
            <Contents>thin</Contents>
         </StringRefAddr>
      </RefAddresses>
   </Reference>
   <Reference name="Perci" className="oracle.jdeveloper.db.adapter.DatabaseProvider" credentialStoreKey="Perci" xmlns="">
      <Factory className="oracle.jdeveloper.db.adapter.DatabaseProviderFactory"/>
      <RefAddresses>
         <StringRefAddr addrType="sid">
            <Contents>DEV</Contents>
         </StringRefAddr>
         <StringRefAddr addrType="subtype">
            <Contents>oraJDBC</Contents>
         </StringRefAddr>
         <StringRefAddr addrType="port">
            <Contents>1522</Contents>
         </StringRefAddr>
         <StringRefAddr addrType="hostname">
            <Contents>10.0.3.88</Contents>
         </StringRefAddr>
         <StringRefAddr addrType="user">
            <Contents>PERCI_TST</Contents>
         </StringRefAddr>
         <SecureRefAddr addrType="password"/>
         <StringRefAddr addrType="DeployPassword">
            <Contents>true</Contents>
         </StringRefAddr>
         <StringRefAddr addrType="oraDriverType">
            <Contents>thin</Contents>
         </StringRefAddr>
      </RefAddresses>
   </Reference>
   <Reference name="CorporateDS" className="oracle.jdeveloper.db.adapter.DatabaseProvider" partial="true" manageInOracleEnterpriseManager="true" deployable="true" xmlns="">
      <Factory className="oracle.jdeveloper.db.adapter.DatabaseProviderFactory"/>
      <RefAddresses>
         <StringRefAddr addrType="sid">
            <Contents>DEV</Contents>
         </StringRefAddr>
         <StringRefAddr addrType="subtype">
            <Contents>oraJDBC</Contents>
         </StringRefAddr>
         <StringRefAddr addrType="port">
            <Contents>1522</Contents>
         </StringRefAddr>
         <StringRefAddr addrType="hostname">
            <Contents>ENTMEL-OR1.ENTITYSOLUTIONS.LOCAL</Contents>
         </StringRefAddr>
         <StringRefAddr addrType="user">
            <Contents>edw_corp_rep</Contents>
         </StringRefAddr>
         <StringRefAddr addrType="DeployPassword">
            <Contents>true</Contents>
         </StringRefAddr>
         <StringRefAddr addrType="oraDriverType">
            <Contents>thin</Contents>
         </StringRefAddr>
      </RefAddresses>
   </Reference>
</References>