<?xml version="1.0" encoding="UTF-8" ?>
<!-- Generated by Oracle SOA Modeler version 1.0 at [5/27/13 12:31 PM]. -->
<composite name="IProExpenseProcess"
           revision="1.0"
           label="2013-05-27_12-31-50_508"
           mode="active"
           state="on"
           xmlns="http://xmlns.oracle.com/sca/1.0"
           xmlns:xs="http://www.w3.org/2001/XMLSchema"
           xmlns:wsp="http://schemas.xmlsoap.org/ws/2004/09/policy"
           xmlns:orawsp="http://schemas.oracle.com/ws/2006/01/policy"
           xmlns:ui="http://xmlns.oracle.com/soa/designer/">
  <import namespace="http://xmlns.oracle.com/EntityServiceLayerPOC/ExpenseUploadWS/ExpenseUploadBPEL"
          location="ExpenseUploadBPEL.wsdl" importType="wsdl"/>
  <import namespace="http://xmlns.oracle.com/bpel/workflow/taskService"
          location="oramds:/soa/shared/workflow/TaskServiceInterface.wsdl"
          importType="wsdl"/>
  <import namespace="http://xmlns.oracle.com/EntityBPMPOC/IProExpenseProcess/BPELEmail"
          location="BPELEmail.wsdl" importType="wsdl"/>
  <import namespace="http://xmlns.oracle.com/ias/pcbpel/NotificationService"
          location="NotificationService.wsdl" importType="wsdl"/>
  <service name="readExpenseWS" ui:wsdlLocation="ExpenseUploadBPEL.wsdl">
    <interface.wsdl interface="http://xmlns.oracle.com/EntityServiceLayerPOC/ExpenseUploadWS/ExpenseUploadBPEL#wsdl.interface(ExpenseUploadBPEL)"/>
    <binding.ws port="http://xmlns.oracle.com/EntityServiceLayerPOC/ExpenseUploadWS/ExpenseUploadBPEL#wsdl.endpoint(readExpenseWS/ExpenseUploadBPEL_pt)">
      <property name="weblogic.wsee.wsat.transaction.flowOption"
                type="xs:string" many="false">NEVER</property>
    </binding.ws>
  </service>
  <component name="IProExpenseManage">
    <implementation.bpmn src="processes/IProExpenseManage.bpmn"/>
    <business-events/>
  </component>
  <component name="ConvertExpenseDocumentationToPDF">
    <implementation.workflow src="ConvertExpenseDocumentationToPDF.task"/>
  </component>
  <component name="BillingAndRemuneration">
    <implementation.workflow src="BillingAndRemuneration.task"/>
  </component>
  <component name="IProExpense_Manager_HT">
    <implementation.workflow src="IProExpense_Manager_HT.task"/>
  </component>
  <component name="NotifyManagerOfCustomerExecutives">
    <implementation.workflow src="NotifyManagerOfCustomerExecutives.task"/>
  </component>
  <component name="BPELEmail" version="1.1">
    <implementation.bpel src="BPELEmail.bpel"/>
  </component>
  <reference name="NotificationService1"
             ui:wsdlLocation="NotificationService.wsdl">
    <interface.wsdl interface="http://xmlns.oracle.com/ias/pcbpel/NotificationService#wsdl.interface(NotificationService)"/>
    <binding.wsif port="http://xmlns.oracle.com/ias/pcbpel/NotificationService#wsdl.endpoint(NotificationService/JavaPort)"
                  location="NotificationService.wsdl"/>
  </reference>
  <wire>
    <source.uri>readExpenseWS</source.uri>
    <target.uri>IProExpenseManage/References.Externals.ReadExpenseWS.service</target.uri>
  </wire>
  <wire>
    <source.uri>IProExpenseManage/HumanTasks.ConvertExpenseDocumentationToPDF.reference</source.uri>
    <target.uri>ConvertExpenseDocumentationToPDF/TaskService</target.uri>
  </wire>
  <wire>
    <source.uri>IProExpenseManage/HumanTasks.BillingAndRemuneration.reference</source.uri>
    <target.uri>BillingAndRemuneration/TaskService</target.uri>
  </wire>
  <wire>
    <source.uri>IProExpenseManage/HumanTasks.IProExpense_Manager_HT.reference</source.uri>
    <target.uri>IProExpense_Manager_HT/TaskService</target.uri>
  </wire>
  <wire>
    <source.uri>IProExpenseManage/HumanTasks.NotifyManagerOfCustomerExecutives.reference</source.uri>
    <target.uri>NotifyManagerOfCustomerExecutives/TaskService</target.uri>
  </wire>
  <wire>
    <source.uri>BPELEmail/NotificationService1</source.uri>
    <target.uri>NotificationService1</target.uri>
  </wire>
  <wire>
    <source.uri>IProExpenseManage/Services.BPEL.BPELEmail.Bpelemail_client.reference</source.uri>
    <target.uri>BPELEmail/bpelemail_client</target.uri>
  </wire>
</composite>
