<?xml version="1.0" encoding="UTF-8" standalone="yes"?>
<?oracleBPM version="11.1.1" fileRevision="20100611"?>
<processDocumentation xmlns="http://xmlns.oracle.com/bpm/taskMetadataService/processDocumentation">
    <component name="IProExpenseManage">
        <topicDocumentations>
            <topicDocumentation name="IProExpenseManage">
                <labels>
                    <label locale="en">IProExpenseManage</label>
                </labels>
                <descriptions>
                    <description locale="en">IProExpenseManage</description>
                </descriptions>
            </topicDocumentation>
            <topicDocumentation name="activity0">
                <labels>
                    <label locale="en">ManagerReceivesExpense</label>
                </labels>
                <descriptions>
                    <description locale="en"></description>
                </descriptions>
            </topicDocumentation>
            <topicDocumentation name="activity2">
                <labels>
                    <label locale="en">OperationsSupport</label>
                </labels>
                <descriptions>
                    <description locale="en"></description>
                </descriptions>
            </topicDocumentation>
            <topicDocumentation name="activity3">
                <labels>
                    <label locale="en">BillingAndRemunerationNotified</label>
                </labels>
                <descriptions>
                    <description locale="en"></description>
                </descriptions>
            </topicDocumentation>
            <topicDocumentation name="activity1">
                <labels>
                    <label locale="en">MapWSToManagerTaskflow</label>
                </labels>
                <descriptions>
                    <description locale="en"></description>
                </descriptions>
            </topicDocumentation>
            <topicDocumentation name="activity4">
                <labels>
                    <label locale="en">MapManagerDataToOpsSupport</label>
                </labels>
                <descriptions>
                    <description locale="en"></description>
                </descriptions>
            </topicDocumentation>
            <topicDocumentation name="activity5">
                <labels>
                    <label locale="en">AlertManagerOfCustomerExecutives</label>
                </labels>
                <descriptions>
                    <description locale="en">The Manager of Customer Executives is to be notifued if the IPro Manager hasn't acted on the expense submition within 24 hours</description>
                </descriptions>
            </topicDocumentation>
            <topicDocumentation name="activity6">
                <labels>
                    <label locale="en">MapConfirmToOverdue</label>
                </labels>
                <descriptions>
                    <description locale="en"></description>
                </descriptions>
            </topicDocumentation>
            <topicDocumentation name="activity7">
                <labels>
                    <label locale="en">MapDataToBilling</label>
                </labels>
                <descriptions>
                    <description locale="en"></description>
                </descriptions>
            </topicDocumentation>
            <topicDocumentation name="activity8">
                <labels>
                    <label locale="en">setExpenseSubmitStatus</label>
                </labels>
                <descriptions>
                    <description locale="en"></description>
                </descriptions>
            </topicDocumentation>
            <topicDocumentation name="activity10">
                <labels>
                    <label locale="en">ScriptTask</label>
                </labels>
                <descriptions>
                    <description locale="en"></description>
                </descriptions>
            </topicDocumentation>
            <topicDocumentation name="activity9">
                <labels>
                    <label locale="en">EmailSendTask</label>
                </labels>
                <descriptions>
                    <description locale="en"></description>
                </descriptions>
            </topicDocumentation>
            <topicDocumentation name="startEvent0">
                <labels>
                    <label locale="en">Start</label>
                </labels>
                <descriptions>
                    <description locale="en"></description>
                </descriptions>
            </topicDocumentation>
            <topicDocumentation name="endEvent0">
                <labels>
                    <label locale="en">End</label>
                </labels>
            </topicDocumentation>
            <topicDocumentation name="catchEvent0">
                <labels>
                    <label locale="en">24HourTimerCatch</label>
                </labels>
                <descriptions>
                    <description locale="en"></description>
                </descriptions>
            </topicDocumentation>
            <topicDocumentation name="gateway0">
                <labels>
                    <label locale="en">ParallelGateway</label>
                </labels>
                <descriptions>
                    <description locale="en"></description>
                </descriptions>
            </topicDocumentation>
            <topicDocumentation name="gateway1">
                <labels>
                    <label locale="en">ComplexGateway</label>
                </labels>
                <descriptions>
                    <description locale="en"></description>
                </descriptions>
            </topicDocumentation>
            <topicDocumentation name="gateway3">
                <labels>
                    <label locale="en">ExclusiveGateway1</label>
                </labels>
                <descriptions>
                    <description locale="en"></description>
                </descriptions>
            </topicDocumentation>
            <topicDocumentation name="gateway2">
                <labels>
                    <label locale="en">ExclusiveGateway</label>
                </labels>
                <descriptions>
                    <description locale="en"></description>
                </descriptions>
            </topicDocumentation>
            <topicDocumentation name="gateway4">
                <labels>
                    <label locale="en">ExclusiveGateway2</label>
                </labels>
                <descriptions>
                    <description locale="en"></description>
                </descriptions>
            </topicDocumentation>
            <topicDocumentation name="sf43"/>
            <topicDocumentation name="sf45"/>
            <topicDocumentation name="sf40"/>
            <topicDocumentation name="sf47"/>
            <topicDocumentation name="sf50"/>
            <topicDocumentation name="sf98"/>
            <topicDocumentation name="sf101"/>
            <topicDocumentation name="sf23"/>
            <topicDocumentation name="sf74">
                <descriptions>
                    <description locale="en"></description>
                </descriptions>
            </topicDocumentation>
            <topicDocumentation name="sf80"/>
            <topicDocumentation name="sf86">
                <descriptions>
                    <description locale="en"></description>
                </descriptions>
            </topicDocumentation>
            <topicDocumentation name="sf82"/>
            <topicDocumentation name="sf85"/>
            <topicDocumentation name="sf88">
                <descriptions>
                    <description locale="en"></description>
                </descriptions>
            </topicDocumentation>
            <topicDocumentation name="sf91">
                <descriptions>
                    <description locale="en"></description>
                </descriptions>
            </topicDocumentation>
            <topicDocumentation name="sf97"/>
            <topicDocumentation name="sf100">
                <descriptions>
                    <description locale="en"></description>
                </descriptions>
            </topicDocumentation>
            <topicDocumentation name="sf104">
                <descriptions>
                    <description locale="en"></description>
                </descriptions>
            </topicDocumentation>
            <topicDocumentation name="sf58">
                <descriptions>
                    <description locale="en"></description>
                </descriptions>
            </topicDocumentation>
            <topicDocumentation name="sf64">
                <descriptions>
                    <description locale="en"></description>
                </descriptions>
            </topicDocumentation>
            <topicDocumentation name="sf57"/>
            <topicDocumentation name="sf63"/>
        </topicDocumentations>
    </component>
</processDocumentation>