<?xml version="1.0" encoding="UTF-8" standalone="yes"?>
<?oracleBPM version="11.1.1" fileRevision="20090820"?>
<ns1:organization xmlns:ns2="http://xmlns.oracle.com/bpm/lpg/peopleQuery" xmlns:ns1="http://xmlns.oracle.com/bpm/organization" xmlns:ns4="http://xmlns.oracle.com/bpel/workflow/task" xmlns:ns3="http://xmlns.oracle.com/bpel/workflow/taskQuery" xmlns:ns5="http://xmlns.oracle.com/bpm/identity">
    <ns1:organizationalUnits/>
    <ns1:applicationRoles>
        <ns1:applicationRole isProcessRole="false" id="IProExpenseProcess.ProcessOwner">
            <ns5:name>IProExpenseProcess.ProcessOwner</ns5:name>
            <ns1:processRole name="Process Owner" id="ProcessOwner"/>
        </ns1:applicationRole>
        <ns1:applicationRole isProcessRole="false" id="IProConsultant">
            <ns5:name>IProConsultant</ns5:name>
            <ns1:processRole name="IProConsultant" id="IProConsultant"/>
        </ns1:applicationRole>
        <ns1:applicationRole isProcessRole="true" id="IProManager">
            <ns5:name>IProManager</ns5:name>
            <ns1:member type="USER">
                <ns1:name>weblogic</ns1:name>
            </ns1:member>
            <ns1:member type="USER">
                <ns1:name>stewart</ns1:name>
            </ns1:member>
            <ns1:processRole name="IProManager" id="IProManager"/>
        </ns1:applicationRole>
        <ns1:applicationRole isProcessRole="true" id="ManagerOfCustomerExecutives">
            <ns5:name>ManagerOfCustomerExecutives</ns5:name>
            <ns1:member type="USER">
                <ns1:name>stewart</ns1:name>
            </ns1:member>
            <ns1:member type="USER">
                <ns1:name>weblogic</ns1:name>
            </ns1:member>
            <ns1:processRole name="ManagerOfCustomerExecutives" id="ManagerOfCustomerExecutives"/>
        </ns1:applicationRole>
        <ns1:applicationRole isProcessRole="true" id="OperationsSupport">
            <ns5:name>OperationsSupport</ns5:name>
            <ns1:member type="USER">
                <ns1:name>stewart</ns1:name>
            </ns1:member>
            <ns1:member type="USER">
                <ns1:name>weblogic</ns1:name>
            </ns1:member>
            <ns1:processRole name="OperationsSupport" id="OperationsSupport"/>
        </ns1:applicationRole>
        <ns1:applicationRole isProcessRole="true" id="BillingAndRemuneration">
            <ns5:name>BillingAndRemuneration</ns5:name>
            <ns1:member type="USER">
                <ns1:name>weblogic</ns1:name>
            </ns1:member>
            <ns1:processRole name="BillingAndRemuneration" id="BillingAndRemuneration"/>
        </ns1:applicationRole>
    </ns1:applicationRoles>
    <ns1:applicationRoleOrgUnitCalendarAssociations/>
    <ns1:holidayRules/>
    <ns1:calendarRules/>
</ns1:organization>