<?xml version="1.0" encoding="windows-1252" ?>
<pagesDef xmlns="http://xmlns.oracle.com/webcenter/page"
          xmlns:xsi="http://www.w3.org/2001/XMLSchema-instance"
          xsi:schemaLocation="http://xmlns.oracle.com/webcenter/page/pagesDef.xsd">
  <pageDef contentMRef="/oracle/webcenter/portalapp/pages/home.jspx"
           hidden="true" shared="false" hasSubPages="false" id="home"
           overridePolicy="true"/>
  <pageDef contentMRef="/oracle/webcenter/portalapp/pages/iproSignupHome.jspx"
           hidden="true" shared="false" hasSubPages="false"
           id="iproSignupHome" overridePolicy="true"/> <!-- TODO: Change permissions on the IPro Signup home. Remove authenticated-role -->
  <pageDef contentMRef="/oracle/webcenter/portalapp/pages/commonForms.jspx"
           hidden="true" shared="false" hasSubPages="false" id="commonForms"
           overridePolicy="true"/>
  <pageDef contentMRef="/oracle/webcenter/portalapp/pages/fileUploader.jspx"
           hidden="true" shared="false" hasSubPages="false" id="fileUploader"
           overridePolicy="true"/>
  <pageDef contentMRef="/oracle/webcenter/portalapp/pages/expenseClaim.jspx"
           hidden="true" shared="false" hasSubPages="false" id="expenseClaim"
           overridePolicy="true"/>
  <pageDef contentMRef="/oracle/webcenter/portalapp/pages/supportHelpFeedback.jspx"
           hidden="true" shared="false" hasSubPages="false"
           id="supportHelpFeedback" overridePolicy="false"/>
  <pageDef contentMRef="/oracle/webcenter/portalapp/pages/supportChangePassword.jspx"
           hidden="true" shared="false" hasSubPages="false"
           id="supportChangePassword" overridePolicy="false"/>
  <pageDef contentMRef="/oracle/webcenter/portalapp/pages/payslips.jspx"
           hidden="true" shared="false" hasSubPages="false" id="payslips"
           overridePolicy="true"/>
  <pageDef contentMRef="/oracle/webcenter/portalapp/pages/widgets.jspx"
           hidden="true" shared="false" hasSubPages="false" id="widgets"
           overridePolicy="true"/>
  <pageDef contentMRef="/oracle/webcenter/portalapp/pages/documents.jspx"
           hidden="true" shared="false" hasSubPages="false" id="documents"
           overridePolicy="true"/>
  <pageDef contentMRef="/oracle/webcenter/portalapp/pages/contactUs.jspx"
           hidden="true" shared="false" hasSubPages="false" id="contactUs"
           overridePolicy="true"/>
  <pageDef contentMRef="/oracle/webcenter/portalapp/pages/corporate/home.jspx"
           hidden="true" shared="false" hasSubPages="false" id="corporate_home"
           overridePolicy="true"/>
  <pageDef contentMRef="/oracle/webcenter/portalapp/pages/corporate/myipros.jspx"
           hidden="true" shared="false" hasSubPages="false" id="myipros"
           overridePolicy="true"/>
  <pageDef contentMRef="/oracle/webcenter/portalapp/pages/corporate/mycontracts.jspx"
           hidden="true" shared="false" hasSubPages="false" id="mycontracts"
           overridePolicy="true"/>
  <pageDef contentMRef="/oracle/webcenter/portalapp/pages/corporate/mybillingsummary.jspx"
           hidden="true" shared="false" hasSubPages="false"
           id="mybillingsummary" overridePolicy="true"/>
  <pageDef contentMRef="/oracle/webcenter/portalapp/pages/corporate/contactus.jspx"
           hidden="true" shared="false" hasSubPages="false" id="corp_contactus"
           overridePolicy="true"/>
  <pageDef contentMRef="/oracle/webcenter/portalapp/pages/corporate/newIpro.jspx"
           hidden="true" shared="false" hasSubPages="false" id="newIpro"
           overridePolicy="true"/>
  <pageDef contentMRef="/oracle/webcenter/portalapp/pages/profile.jspx"
           hidden="true" shared="false" hasSubPages="false" id="profile"
           overridePolicy="true"/>
  <pageDef contentMRef="/oracle/webcenter/portalapp/pages/whatsnew.jspx"
           hidden="true" shared="false" hasSubPages="false" id="whatsnew"
           overridePolicy="true"/>
  <pageDef contentMRef="/oracle/webcenter/portalapp/pages/iproytd.jspx"
           hidden="true" shared="false" hasSubPages="false" id="iproytd"
           overridePolicy="true"/>
</pagesDef>
