<?xml version="1.0" encoding="UTF-8" ?>
<JavaBean xmlns="http://xmlns.oracle.com/adfm/beanmodel" version="11.1.1.60.13"
          id="Return" BeanClass="Return" isJavaBased="false">
  <BuiltinOperation id="IteratorExecute"/>
  <BuiltinOperation id="First"/>
  <BuiltinOperation id="Last"/>
  <BuiltinOperation id="Previous"/>
  <BuiltinOperation id="Next"/>
  <BuiltinOperation id="PreviousSet"/>
  <BuiltinOperation id="NextSet"/>
  <BuiltinOperation id="removeRowWithKey"/>
  <BuiltinOperation id="setCurrentRowWithKey"/>
  <BuiltinOperation id="setCurrentRowWithKeyValue"/>
</JavaBean>
