<?xml version="1.0" encoding="ISO-8859-1" ?>
<adfc-config xmlns="http://xmlns.oracle.com/adf/controller" version="1.2">
  <task-flow-definition id="BillingAndRemuneration_TaskFlow">
    <default-activity id="__110">taskDetails1_jspx</default-activity>
    <data-control-scope id="__194">
      <isolated/>
    </data-control-scope>
    <input-parameter-definition id="__3">
      <name id="__2">bpmWorklistContext</name>
      <value id="__1">#{pageFlowScope.bpmWorklistContext}</value>
      <class id="__4"></class>
    </input-parameter-definition>
    <input-parameter-definition id="__6">
      <name id="__8">bpmWorklistTaskId</name>
      <value id="__5">#{pageFlowScope.bpmWorklistTaskId}</value>
      <class id="__7"></class>
    </input-parameter-definition>
    <input-parameter-definition id="__11">
      <name id="__9">bpmWorklistTaskVersion</name>
      <value id="__12">#{pageFlowScope.bpmWorklistTaskVersion}</value>
      <class id="__10"></class>
    </input-parameter-definition>
    <input-parameter-definition id="__15">
      <name id="__14">bpmWorklistHttpURL</name>
      <value id="__13">#{pageFlowScope.bpmWorklistHttpURL}</value>
      <class id="__16"></class>
    </input-parameter-definition>
    <input-parameter-definition id="__20">
      <name id="__19">parentURL</name>
      <value id="__17">#{pageFlowScope.parentURL}</value>
      <class id="__18"></class>
    </input-parameter-definition>
    <input-parameter-definition id="__23">
      <name id="__22">bpmWorklistHome</name>
      <value id="__21">#{pageFlowScope.bpmWorklistHome}</value>
      <class id="__24"></class>
    </input-parameter-definition>
    <input-parameter-definition id="__28">
      <name id="__27">bpmWorklistLogin</name>
      <value id="__26">#{pageFlowScope.bpmWorklistLogin}</value>
      <class id="__25"></class>
    </input-parameter-definition>
    <input-parameter-definition id="__30">
      <name id="__29">bpmWorklistLogout</name>
      <value id="__31">#{pageFlowScope.bpmWorklistLogout}</value>
      <class id="__32"></class>
    </input-parameter-definition>
    <input-parameter-definition id="__34">
      <name id="__36">bpmWorklistReassign</name>
      <value id="__35">#{pageFlowScope.bpmWorklistReassign}</value>
      <class id="__33"></class>
    </input-parameter-definition>
    <input-parameter-definition id="__37">
      <name id="__38">bpmWorklistHistory</name>
      <value id="__40">#{pageFlowScope.bpmWorklistHistory}</value>
      <class id="__39"></class>
    </input-parameter-definition>
    <input-parameter-definition id="__42">
      <name id="__43">bpmWorklistRequestInfo</name>
      <value id="__44">#{pageFlowScope.bpmWorklistRequestInfo}</value>
      <class id="__41"></class>
    </input-parameter-definition>
    <input-parameter-definition id="__46">
      <name id="__47">bpmWorklistRoute</name>
      <value id="__48">#{pageFlowScope.bpmWorklistRoute}</value>
      <class id="__45"></class>
    </input-parameter-definition>
    <input-parameter-definition id="__51">
      <name id="__52">bpmClientType</name>
      <value id="__50">#{pageFlowScope.bpmClientType}</value>
      <class id="__49"></class>
    </input-parameter-definition>
    <input-parameter-definition id="__55">
      <name id="__56">bpmBrowserWindowStatus</name>
      <value id="__54">#{pageFlowScope.bpmBrowserWindowStatus}</value>
      <class id="__53"></class>
    </input-parameter-definition>
    <input-parameter-definition id="__60">
      <name id="__57">bpmWorklistBackPage</name>
      <value id="__59">#{pageFlowScope.bpmWorklistBackPage}</value>
      <class id="__58"></class>
    </input-parameter-definition>
    <input-parameter-definition id="__63">
      <name id="__62">bpmWorklistSecurity</name>
      <value id="__61">#{pageFlowScope.bpmWorklistSecurity}</value>
      <class id="__64"></class>
    </input-parameter-definition>
    <input-parameter-definition id="__67">
      <name id="__66">bpmWorklistGraphHistory</name>
      <value id="__68">#{pageFlowScope.bpmWorklistGraphSecurity}</value>
      <class id="__65"></class>
    </input-parameter-definition>
    <input-parameter-definition id="__71">
      <name id="__70">lg</name>
      <value id="__72">#{pageFlowScope.lg}</value>
      <class id="__69"></class>
    </input-parameter-definition>
    <input-parameter-definition id="__76">
      <name id="__75">cy</name>
      <value id="__74">#{pageFlowScope.cy}</value>
      <class id="__73"></class>
    </input-parameter-definition>
    <input-parameter-definition id="__79">
      <name id="__80">vr</name>
      <value id="__77">#{pageFlowScope.vr}</value>
      <class id="__78"></class>
    </input-parameter-definition>
    <input-parameter-definition id="__83">
      <name id="__82">tz</name>
      <value id="__81">#{pageFlowScope.tz}</value>
      <class id="__84"></class>
    </input-parameter-definition>
    <input-parameter-definition id="__86">
      <name id="__88">df</name>
      <value id="__87">#{pageFlowScope.df}</value>
      <class id="__85"></class>
    </input-parameter-definition>
    <input-parameter-definition id="__91">
      <name id="__90">tf</name>
      <value id="__89">#{pageFlowScope.tf}</value>
      <class id="__92"></class>
    </input-parameter-definition>
    <input-parameter-definition id="__94">
      <name id="__96">dt</name>
      <value id="__95">#{pageFlowScope.dt}</value>
      <class id="__93"></class>
    </input-parameter-definition>
    <input-parameter-definition id="__100">
      <name id="__98">dateTimePattern</name>
      <value id="__97">#{pageFlowScope.dateTimePattern}</value>
      <class id="__99"></class>
    </input-parameter-definition>
    <input-parameter-definition id="__104">
      <name id="__102">datePattern</name>
      <value id="__103">#{pageFlowScope.datePattern}</value>
      <class id="__101"></class>
    </input-parameter-definition>
    <input-parameter-definition id="__106">
      <name id="__108">timePattern</name>
      <value id="__105">#{pageFlowScope.timePattern}</value>
      <class id="__107"></class>
    </input-parameter-definition>
    <managed-bean id="__122">
      <managed-bean-name id="__120">redirectBean</managed-bean-name>
      <managed-bean-class id="__119">oracle.bpel.services.workflow.worklist.adf.PageRedirectBean</managed-bean-class>
      <managed-bean-scope id="__121">pageFlow</managed-bean-scope>
    </managed-bean>
    <managed-bean id="__126">
      <managed-bean-name id="__124">addCommentBean</managed-bean-name>
      <managed-bean-class id="__125">oracle.bpel.services.workflow.worklist.adf.AddCommentBean</managed-bean-class>
      <managed-bean-scope id="__123">request</managed-bean-scope>
      <managed-property id="__128">
        <property-name id="__127">bindings</property-name>
        <value id="__129">#{bindings}</value>
      </managed-property>
    </managed-bean>
    <managed-bean id="__131">
      <managed-bean-name id="__130">taskDocumentationBean</managed-bean-name>
      <managed-bean-class id="__133">oracle.bpel.services.workflow.worklist.adf.TaskDocumentationBean</managed-bean-class>
      <managed-bean-scope id="__132">pageFlow</managed-bean-scope>
    </managed-bean>
    <managed-bean id="__135">
      <managed-bean-name id="__137">addAttachmentBean</managed-bean-name>
      <managed-bean-class id="__134">oracle.bpel.services.workflow.worklist.adf.AddAttachmentBean</managed-bean-class>
      <managed-bean-scope id="__136">request</managed-bean-scope>
      <managed-property id="__139">
        <property-name id="__140">bindings</property-name>
        <value id="__138">#{bindings}</value>
      </managed-property>
    </managed-bean>
    <managed-bean id="__143">
      <managed-bean-name id="__144">readAttachmentBean</managed-bean-name>
      <managed-bean-class id="__142">oracle.bpel.services.workflow.worklist.adf.ReadAttachmentBean</managed-bean-class>
      <managed-bean-scope id="__141">pageFlow</managed-bean-scope>
    </managed-bean>
    <managed-bean id="__147">
      <managed-bean-name id="__148">addDocumentBean</managed-bean-name>
      <managed-bean-class id="__146">oracle.bpel.services.workflow.worklist.adf.AddDocumentBean</managed-bean-class>
      <managed-bean-scope id="__145">request</managed-bean-scope>
      <managed-property id="__149">
        <property-name id="__150">bindings</property-name>
        <value id="__151">#{bindings}</value>
      </managed-property>
    </managed-bean>
    <managed-bean id="__153">
      <managed-bean-name id="__152">readDocumentBean</managed-bean-name>
      <managed-bean-class id="__155">oracle.bpel.services.workflow.worklist.adf.ReadDocumentBean</managed-bean-class>
      <managed-bean-scope id="__154">pageFlow</managed-bean-scope>
    </managed-bean>
    <managed-bean id="__159">
      <managed-bean-name id="__157">popupBean</managed-bean-name>
      <managed-bean-class id="__158">oracle.bpel.services.workflow.worklist.adf.ADFPopupBean</managed-bean-class>
      <managed-bean-scope id="__156">request</managed-bean-scope>
    </managed-bean>
    <managed-bean id="__160">
      <managed-bean-name id="__162">actionAvailable</managed-bean-name>
      <managed-bean-class id="__163">oracle.bpel.services.workflow.worklist.adf.ActionEnablerBean</managed-bean-class>
      <managed-bean-scope id="__161">request</managed-bean-scope>
      <managed-property id="__164">
        <property-name id="__166">bindings</property-name>
        <value id="__165">#{bindings}</value>
      </managed-property>
    </managed-bean>
    <managed-bean id="__169">
      <managed-bean-name id="__170">invokeActionBean</managed-bean-name>
      <managed-bean-class id="__167">oracle.bpel.services.workflow.worklist.adf.InvokeActionBean</managed-bean-class>
      <managed-bean-scope id="__168">request</managed-bean-scope>
      <managed-property id="__172">
        <property-name id="__171">isReturnActivity</property-name>
        <value id="__173">true</value>
      </managed-property>
    </managed-bean>
    <managed-bean id="__174">
      <managed-bean-name id="__177">aleComponentBean</managed-bean-name>
      <managed-bean-class id="__176">oracle.bpel.services.workflow.worklist.adf.ALEComponentBean</managed-bean-class>
      <managed-bean-scope id="__175">pageFlow</managed-bean-scope>
    </managed-bean>
    <managed-bean id="__180">
      <managed-bean-name id="__179">taskFlowReassignBean</managed-bean-name>
      <managed-bean-class id="__178">oracle.bpel.services.workflow.worklist.adf.TaskFlowReassignBean</managed-bean-class>
      <managed-bean-scope id="__181">pageFlow</managed-bean-scope>
    </managed-bean>
    <managed-bean id="__182">
      <managed-bean-name id="__185">identityBrowserView</managed-bean-name>
      <managed-bean-class id="__184">oracle.bpel.worklistapp.dc.idbrowser.beans.view.IdentityBrowserView</managed-bean-class>
      <managed-bean-scope id="__183">pageFlow</managed-bean-scope>
    </managed-bean>
    <managed-bean id="__189">
      <managed-bean-name id="__188">userPreferencesBean</managed-bean-name>
      <managed-bean-class id="__187">oracle.bpel.worklistapp.userprefs.UserPreferencesBean</managed-bean-class>
      <managed-bean-scope id="__186">pageFlow</managed-bean-scope>
      <managed-property id="__191">
        <property-name id="__192">userPrefs</property-name>
        <value id="__190">#{pageFlowScope.taskFlowReassignBean.userPrefs}</value>
      </managed-property>
    </managed-bean>
    <finalizer id="__111">#{invokeActionBean.invokeScript}</finalizer>
    <view id="taskDetails1_jspx">
      <page id="__109">/taskDetails1.jspx</page>
    </view>
    <task-flow-return id="taskReturn">
      <outcome id="__113">
        <name id="__112">done</name>
      </outcome>
    </task-flow-return>
    <control-flow-rule id="__114">
      <from-activity-id id="__116">*</from-activity-id>
      <control-flow-case id="__115">
        <from-outcome id="__117">closeTaskFlow</from-outcome>
        <to-activity-id id="__118">taskReturn</to-activity-id>
      </control-flow-case>
    </control-flow-rule>
    <visibility id="__193">
      <url-invoke-allowed/>
    </visibility>
  </task-flow-definition>
</adfc-config>
