<?xml version="1.0" encoding="UTF-8" ?>
<!-- Generated by Oracle SOA Modeler version 1.0 at [10/12/11 3:28 PM]. -->
<composite name="MTOMDemo"
           revision="1.0"
           label="2011-10-12_15-28-42_008"
           mode="active"
           state="on"
           xmlns="http://xmlns.oracle.com/sca/1.0"
           xmlns:xs="http://www.w3.org/2001/XMLSchema"
           xmlns:wsp="http://schemas.xmlsoap.org/ws/2004/09/policy"
           xmlns:orawsp="http://schemas.oracle.com/ws/2006/01/policy"
           xmlns:ui="http://xmlns.oracle.com/soa/designer/">
  <import namespace="http://xmlns.oracle.com/AttachmentContentApp/MTOMDemo/MTOMDemoProcess"
          location="MTOMDemoProcess.wsdl" importType="wsdl"/>
  <import namespace="http://xmlns.oracle.com/pcbpel/adapter/file/AttachmentContentApp/MTOMDemo/WriteFile"
          location="WriteFile.wsdl" importType="wsdl"/>
  <service name="mtomdemoprocess_client_ep"
           ui:wsdlLocation="MTOMDemoProcess.wsdl">
    <interface.wsdl interface="http://xmlns.oracle.com/AttachmentContentApp/MTOMDemo/MTOMDemoProcess#wsdl.interface(MTOMDemoProcess)"/>
    <binding.ws port="http://xmlns.oracle.com/AttachmentContentApp/MTOMDemo/MTOMDemoProcess#wsdl.endpoint(mtomdemoprocess_client_ep/MTOMDemoProcess_pt)">
      <wsp:PolicyReference URI="oracle/wsmtom_policy" orawsp:category="mtom"
                           orawsp:status="enabled"/>
    </binding.ws>
  </service>
  <component name="MTOMDemoProcess" version="1.1">
    <implementation.bpel src="MTOMDemoProcess.bpel"/>
  </component>
  <reference name="WriteFile" ui:wsdlLocation="WriteFile.wsdl">
    <interface.wsdl interface="http://xmlns.oracle.com/pcbpel/adapter/file/AttachmentContentApp/MTOMDemo/WriteFile#wsdl.interface(Write_ptt)"/>
    <binding.jca config="WriteFile_file.jca"/>
  </reference>
  <wire>
    <source.uri>mtomdemoprocess_client_ep</source.uri>
    <target.uri>MTOMDemoProcess/mtomdemoprocess_client</target.uri>
  </wire>
  <wire>
    <source.uri>MTOMDemoProcess/WriteFile</source.uri>
    <target.uri>WriteFile</target.uri>
  </wire>
</composite>
